Indicator_Id,Rank_1
14-CPIA-Total,1.01
5-CPIA-Total,1.02
PAY_EMP9,2.01
21-WJP-Total,2.02
64-BTI-Total,2.03
231-IPD-a5020,2.04
13-BTI-Total,2.05
15-BTI-Total,2.06
14-BTI-Total,2.07
CDG15,2.08
17-CPIA-Total,2.09
247-GCI-Value,2.1
248-GCI-Rank,2.1
HRM66,Drop
HRM61,Drop
HRM84,Drop
HRM100,Drop
HRM112,Drop
109-PEFA-Total,Drop
110-PEFA-Total,Drop
HRM17,Drop
HRM3,Drop
HRM35,Drop
HRM15,Drop
HRM16,Drop
HRM69,Drop
HRM49,Drop
HRM78,Drop
HRM76,Drop
HRM77,Drop
HRM75,Drop
HRM81,Drop
HRM97,Drop
HRM109,Drop
HRM21,Drop
HRM13,Drop
HRM10,Drop
HRM11,Drop
HRM8,Drop
HRM57,Drop
HRM55,Drop
HRM91,Drop
HRM36,Drop
HRM14,Drop
HRM26,Drop
HRM24,Drop
HRM7,Drop
HRM68,Drop
HRM53,Drop
HRM6,Drop
HRM4,Drop
HRM5,Drop
HRM60,Drop
HRM74,Drop
HRM73,Drop
HRM70,Drop
HRM72,Drop
HRM52,Drop
HRM20,Drop
HRM83,Drop
HRM99,Drop
HRM111,Drop
HRM34,Drop
111-PEFA-Total,Drop
HRM58,Drop
HRM1,Drop
HRM119,Drop
HRM2,Drop
HRM47,Drop
HRM80,Drop
HRM79,Drop
HRM96,Drop
HRM107,Drop
HRM54,Drop
HRM23,Drop
HRM48,Drop
555-IPD-a5020,Drop
HRM82,Drop
HRM98,Drop
HRM110,Drop
HRM19,Drop
HRM28,Drop
HRM30,Drop
HRM33,Drop
108-PEFA-Total,Drop
HRM39,Drop
HRM92,Drop
HRM40,Drop
HRM93,Drop
HRM41,Drop
HRM94,Drop
HRM37,Drop
37-ILO-Female,Drop
38-ILO-Male,Drop
HRM12,Drop
HRM9,Drop
HRM87,Drop
HRM103,Drop
HRM115,Drop
HRM86,Drop
HRM102,Drop
HRM114,Drop
HRM59,Drop
HRM89,Drop
HRM105,Drop
HRM117,Drop
161-SGI-Total,3.01
2-SGI-Total,3.02
13-SGI-Total,3.03
35-SGI-Total,3.04
51-SGI-Total,3.05
73-SGI-Total,3.06
97-SGI-Total,3.07
103-SGI-Total,3.08
109-SGI-Total,3.09
114-SGI-Total,3.1
116-SGI-Total,4.005
119-SGI-Total,4.006
125-SGI-Total,4.007
120-SGI-Total,4.008
134-SGI-Total,3.15
137-SGI-Total,3.16
129-SGI-Total,3.17
130-SGI-Total,3.18
144-SGI-Total,3.19
147-SGI-Total,3.2
153-SGI-Total,3.21
155-SGI-Total,3.22
156-SGI-Total,3.23
159-SGI-Total,3.24
163-SGI-Total,3.25
167-SGI-Total,3.26
169-SGI-Total,3.27
173-SGI-Total,3.28
179-SGI-Total,3.29
3-SGI-Total,3.3
5-SGI-Total,3.31
9-SGI-Total,3.32
11-SGI-Total,3.33
14-SGI-Total,3.34
16-SGI-Total,3.35
21-SGI-Total,3.36
18-SGI-Total,3.37
28-SGI-Total,3.38
29-SGI-Total,3.39
30-SGI-Total,3.4
36-SGI-Total,3.41
37-SGI-Total,3.42
38-SGI-Total,3.43
42-SGI-Total,3.44
52-SGI-Total,3.45
53-SGI-Total,3.46
54-SGI-Total,3.47
58-SGI-Total,3.48
61-SGI-Total,3.49
63-SGI-Total,3.5
64-SGI-Total,3.51
66-SGI-Total,3.52
67-SGI-Total,3.53
68-SGI-Total,3.54
69-SGI-Total,3.55
70-SGI-Total,3.56
77-SGI-Total,3.57
78-SGI-Total,3.58
80-SGI-Total,3.59
86-SGI-Total,3.6
90-SGI-Total,3.61
91-SGI-Total,3.62
BEEPS132,3.63
BEEPS232,3.64
262-IPD-a3033,3.65
593-IPD-a3033,3.66
245-IPD-a3111,3.67
569-IPD-a3111,3.68
246-IPD-a3110,3.69
570-IPD-a3110,3.7
242-IPD-a3120,3.71
566-IPD-a3120,3.72
238-IPD-a3124,3.73
562-IPD-a3124,3.74
240-IPD-a3122,3.75
564-IPD-a3122,3.76
244-IPD-a3112,3.77
568-IPD-a3112,3.78
241-IPD-a3121,3.79
565-IPD-a3121,3.8
239-IPD-a3123,3.81
563-IPD-a3123,3.82
QOG1,3.83
QOG2,3.84
789-IPD-c8002,3.85
848-IPD-c8003,3.86
790-IPD-c8003,3.87
791-IPD-c8004,3.88
1152-IPD-a9050,3.89
24-SC-Total,3.9
85-PEFA-Total,3.91
399-IPD-c6001,3.92
77-IPD-c6001,3.93
1043-IPD-a3003,3.94
1042-IPD-a3002,3.95
1231-IPD-a3560,3.96
1-ILO-Female,3.97
2-ILO-Male,3.98
3-ILO-Total,3.99
5-ILO-Total,3.101
4-ILO-Total,3.102
8-ILO-Total,3.103
9-ILO-Total,3.104
7-PEFA-Total,3.105
1151-IPD-a9042,3.106
19-WJP-Total,3.107
752-IPD-c4020,3.108
1-PEFA-Total,3.109
6-PEFA-Total,3.11
4-SC-Total,3.111
796-IPD-c4023,3.112
303-IPD-a1050,3.113
633-IPD-a1050,3.114
100-PEFA-Total,3.115
1176-IPD-a1030,3.116
1021-IPD-a1070,3.117
1022-IPD-a1071,3.118
1177-IPD-a1031,3.119
1101-IPD-a5060,3.12
1059-IPD-a3060,3.121
QOG96,3.122
302-IPD-a1051,3.123
632-IPD-a1051,3.124
QOG3,3.125
243-IPD-a3113,3.126
567-IPD-a3113,3.127
1277-IPD-a5102,3.128
10-PEFA-Total,3.129
76-PEFA-Total,3.13
143-GCI-Value,3.131
144-GCI-Rank,3.132
BEEPS17,3.133
BEEPS27,3.134
BEEPS18,3.135
BEEPS28,3.136
BEEPS19,3.137
BEEPS29,3.138
FAD_FR7,3.139
FAD_FR8,3.14
FAD_FR9,3.141
3-SC-Total,3.142
137-IPD-b4030,3.143
460-IPD-b4030,3.144
978-IPD-b7050,3.145
838-IPD-c703,3.146
394-IPD-c7020,3.147
72-IPD-c7020,3.148
392-IPD-c7022,3.149
70-IPD-c7022,3.15
391-IPD-c7023,3.151
69-IPD-c7023,3.152
393-IPD-c7021,3.153
71-IPD-c7021,3.154
777-IPD-c7030,3.155
67-BTI-Total,3.156
FAD_FR13,3.157
FAD_FR1,3.158
FAD_FR27,3.159
FAD_FR5,3.16
FAD_FR2,3.161
FAD_FR3,3.162
FAD_FR4,3.163
FAD_FR6,3.164
FAD_FR10,3.165
FAD_FR11,3.166
FAD_FR12,3.167
1-CPIA-Total,3.168
1083-IPD-a3130,3.169
1218-IPD-a3050,3.17
1219-IPD-a3051,3.171
215-IPD-a5081,3.172
538-IPD-a5081,3.173
213-IPD-a5083,3.174
536-IPD-a5083,3.175
212-IPD-a5084,3.176
535-IPD-a5084,3.177
216-IPD-a5080,3.178
539-IPD-a5080,3.179
214-IPD-a5082,3.18
537-IPD-a5082,3.181
1274-IPD-a510,3.182
1208-IPD-a3043,3.183
219-IPD-a5072,3.184
542-IPD-a5072,3.185
798-IPD-c4025,3.186
1178-IPD-a104,3.187
1175-IPD-a103,3.188
823-IPD-c6011,3.189
766-IPD-c6001,3.19
19-SC-Total,3.191
17-SC-Total,3.192
18-SC-Total,3.193
QOG4,3.194
36-PEFA-Total,3.195
28-PEFA-Total,3.196
11-PEFA-Total,3.197
8-BTI-Total,3.198
QOG101,3.199
QOG102,3.2
QOG5,3.201
QOG98,3.202
QOG99,3.203
QOG97,3.204
784-IPD-c7052,3.205
44-PEFA-Total,3.206
754-IPD-c4022,3.207
396-IPD-c7000,3.208
74-IPD-c7000,3.209
829-IPD-c700,3.21
103-PEFA-Total,3.211
83-PEFA-Total,3.212
3-PEFA-Total,3.213
13-PEFA-Total,3.214
67-PEFA-Total,3.215
PAY_EMP1,3.216
827-IPD-c603,3.217
10-BTI-Total,3.218
1276-IPD-a5101,3.219
1082-IPD-a3125,3.22
1080-IPD-a3112,3.221
801-IPD-c4512,3.222
939-IPD-b4513,3.223
863-IPD-b4023,3.224
1214-IPD-a3534,3.225
2-SC-Total,3.226
288-IPD-a2012,3.227
618-IPD-a2012,3.228
40-PEFA-Total,3.229
991-IPD-b800,3.23
910-IPD-b8000,3.231
218-IPD-a5073,3.232
541-IPD-a5073,3.233
236-IPD-a5000,3.234
560-IPD-a5000,3.235
234-IPD-a5002,3.236
558-IPD-a5002,3.237
235-IPD-a5001,3.238
559-IPD-a5001,3.239
1270-IPD-a5080,3.24
1087-IPD-a5010,3.241
1271-IPD-a5081,3.242
1088-IPD-a5011,3.243
1269-IPD-a508,3.244
233-IPD-a5010,3.245
557-IPD-a5010,3.246
232-IPD-a5011,3.247
556-IPD-a5011,3.248
70-PEFA-Total,3.249
406-IPD-c4011,3.25
84-IPD-c4011,3.251
415-IPD-b8000,3.252
92-IPD-b8000,3.253
FAD_FR26,3.254
FAD_FR28,3.255
FAD_FR15,3.256
FAD_FR14,3.257
FAD_FR18,3.258
FAD_FR16,3.259
FAD_FR17,3.26
FAD_FR19,3.261
FAD_FR20,3.262
FAD_FR21,3.263
FAD_FR22,3.264
FAD_FR23,3.265
FAD_FR24,3.266
FAD_FR25,3.267
1275-IPD-a5100,3.268
809-IPD-c4533,3.269
1318-IPD-a6053,3.27
1227-IPD-a3072,3.271
68-PEFA-Total,3.272
56-PEFA-Total,3.273
1179-IPD-a1040,3.274
PIM1,3.275
1180-IPD-a1041,3.276
PIM2,3.277
PIM3,3.278
402-IPD-c5010,3.279
80-IPD-c5010,3.28
224-IPD-a5050,3.281
547-IPD-a5050,3.282
223-IPD-a5051,3.283
546-IPD-a5051,3.284
773-IPD-c7020,3.285
776-IPD-c7023,3.286
775-IPD-c7022,3.287
774-IPD-c7021,3.288
985-IPD-b7080,3.289
811-IPD-c500,3.29
1098-IPD-a5042,3.291
Global_Indicators28,3.292
1084-IPD-a5000,3.293
1283-IPD-a5120,3.294
1103-IPD-a5062,3.295
997-IPD-a1002,3.296
1288-IPD-a5133,3.297
996-IPD-a1001,3.298
1085-IPD-a5001,3.299
1102-IPD-a5061,3.3
908-IPD-b7051,3.301
907-IPD-b7050,3.302
909-IPD-b7052,3.303
1099-IPD-a5050,3.304
1091-IPD-a5022,3.305
1090-IPD-a5021,3.306
1095-IPD-a5033,3.307
1266-IPD-a5060,3.308
1086-IPD-a5002,3.309
18-WJP-Total,3.31
381-IPD-c8003,3.311
59-IPD-c8003,3.312
382-IPD-c8002,3.313
60-IPD-c8002,3.314
4-CPIA-Total,3.315
28-IIAG-Total,3.316
28-BTI-Total,3.317
4-BTI-Total,3.318
43-PEFA-Total,3.319
66-PEFA-Total,3.32
69-PEFA-Total,3.321
65-PEFA-Total,3.322
39-PEFA-Total,3.323
55-PEFA-Total,3.324
41-PEFA-Total,3.325
1204-IPD-a304,3.326
PIM4,3.327
45-PEFA-Total,3.328
398-IPD-c6010,3.329
76-IPD-c6010,3.33
390-IPD-c7030,3.331
68-IPD-c7030,3.332
388-IPD-c7032,3.333
66-IPD-c7032,3.334
389-IPD-c7031,3.335
67-IPD-c7031,3.336
265-IPD-a3030,3.337
596-IPD-a3030,3.338
264-IPD-a3031,3.339
595-IPD-a3031,3.34
263-IPD-a3032,3.341
594-IPD-a3032,3.342
83-GCI-Value,3.343
84-GCI-Rank,3.344
259-IPD-a3051,3.345
590-IPD-a3051,3.346
11-SC-Total,3.347
QOG12,3.348
29-BTI-Total,3.349
6-CPIA-Total,3.35
220-IPD-a5071,3.351
543-IPD-a5071,3.352
89-PEFA-Total,3.353
1202-IPD-a352,3.354
1215-IPD-a354,3.355
806-IPD-c4530,3.356
804-IPD-c4521,3.357
942-IPD-b4521,3.358
PIM5,3.359
38-PEFA-Total,3.36
64-PEFA-Total,3.361
27-PEFA-Total,3.362
772-IPD-c7011,3.363
832-IPD-c7010,3.364
969-IPD-b7020,3.365
771-IPD-c7010,3.366
383-IPD-c8001,3.367
61-IPD-c8001,3.368
PIM6,3.369
59-PEFA-Total,3.37
33-PEFA-Total,3.371
FAD_FR29,3.372
FAD_FR32,3.373
FAD_FR37,3.374
FAD_FR33,3.375
FAD_FR34,3.376
FAD_FR35,3.377
FAD_FR36,3.378
FAD_FR38,3.379
FAD_FR39,3.38
FAD_FR40,3.381
473-IPD-b3042,3.382
150-IPD-b3042,3.383
22-PEFA-Total,3.384
23-PEFA-Total,3.385
53-PEFA-Total,3.386
1125-IPD-a6023,3.387
1058-IPD-a3053,3.388
97-PEFA-Total,3.389
72-PEFA-Total,3.39
1023-IPD-a1080,3.391
1025-IPD-a1082,3.392
1024-IPD-a1081,3.393
1026-IPD-a1083,3.394
15-PEFA-Total,3.395
48-PEFA-Total,3.396
20-PEFA-Total,3.397
9-SC-Total,3.398
810-IPD-c4534,3.399
983-IPD-b7070,3.4
814-IPD-c5010,3.401
6-ILO-Total,3.402
102-PEFA-Total,3.403
778-IPD-c7031,3.404
395-IPD-c7010,3.405
73-IPD-c7010,3.406
244-GCI-Rank,3.407
243-GCI-Value,3.408
QOG13,3.409
294-IPD-a1090,3.41
624-IPD-a1090,3.411
293-IPD-a1091,3.412
623-IPD-a1091,3.413
8-CPIA-Total,3.414
FAD_FR41,3.415
104-PEFA-Total,3.416
71-PEFA-Total,3.417
50-PEFA-Total,3.418
46-PEFA-Total,3.419
PIM7,3.42
25-SC-Total,3.421
PAY_EMP2,3.422
22-SC-Total,3.423
93-GCI-Value,3.424
94-GCI-Rank,3.425
QOG39,3.426
770-IPD-c7000,3.427
830-IPD-c7000,3.428
87-GCI-Value,3.429
88-GCI-Rank,3.43
1265-IPD-a506,3.431
QOG14,3.432
5-SC-Total,3.433
44-WJP-Total,3.434
20-WJP-Total,3.435
760-IPD-c5010,3.436
PAY_EMP3,3.437
PAY_EMP4,3.438
PAY_EMP5,3.439
89-GCI-Value,3.44
90-GCI-Rank,3.441
820-IPD-c6001,3.442
405-IPD-c4012,3.443
83-IPD-c4012,3.444
Global_Indicators1,3.445
19-IIAG-Total,3.446
115-GCI-Value,3.447
116-GCI-Rank,3.448
12-SC-Total,3.449
1153-IPD-a9060,3.45
20-SC-Total,3.451
53-IIAG-Total,3.452
QOG7,3.453
QOG9,3.454
QOG29,3.455
QOG6,3.456
QOG8,3.457
QOG10,3.458
QOG11,3.459
Global_Indicators14,3.46
Global_Indicators61,3.461
QOG103,3.462
QOG107,3.463
QOG105,3.464
QOG16,3.465
935-IPD-b451,3.466
10-SC-Total,3.467
1207-IPD-a3042,3.468
409-IPD-b8030,3.469
86-IPD-b8030,3.47
1206-IPD-a3041,3.471
1205-IPD-a3040,3.472
785-IPD-c7053,3.473
1081-IPD-a3122,3.474
1285-IPD-a5130,3.475
1092-IPD-a5030,3.476
1287-IPD-a5132,3.477
1286-IPD-a5131,3.478
1093-IPD-a5031,3.479
1094-IPD-a5032,3.48
1052-IPD-a3033,3.481
1049-IPD-a3030,3.482
1050-IPD-a3031,3.483
1051-IPD-a3032,3.484
BEEPS122,3.485
BEEPS222,3.486
1216-IPD-a3540,3.487
1203-IPD-a3520,3.488
PIM8,3.489
16-SC-Total,3.49
17-PEFA-Total,3.491
843-IPD-c7500,3.492
782-IPD-c7050,3.493
757-IPD-c4025,3.494
404-IPD-c4020,3.495
82-IPD-c4020,3.496
222-IPD-a5060,3.497
545-IPD-a5060,3.498
PIM9,3.499
8-SC-Total,3.5
91-GCI-Value,3.501
92-GCI-Rank,3.502
380-IPD-c9000,3.503
58-IPD-c9000,3.504
792-IPD-c9000,3.505
258-GCI-Rank,3.506
257-GCI-Value,3.507
821-IPD-c601,3.508
989-IPD-b710,3.509
311-GCI-Value,3.51
312-GCI-Rank,3.511
813-IPD-c501,3.512
379-IPD-c9001,3.513
57-IPD-c9001,3.514
793-IPD-c9001,3.515
816-IPD-c5020,3.516
815-IPD-c502,3.517
779-IPD-c7032,3.518
PIM10,3.519
840-IPD-c7040,3.52
841-IPD-c7041,3.521
839-IPD-c704,3.522
58-PEFA-Total,3.523
780-IPD-c7040,3.524
781-IPD-c7041,3.525
5-BTI-Total,3.526
973-IPD-b704,3.527
1292-IPD-a515,3.528
101-PEFA-Total,3.529
1096-IPD-a5040,3.53
1089-IPD-a5020,3.531
1105-IPD-a5071,3.532
1104-IPD-a5070,3.533
1107-IPD-a5073,3.534
1106-IPD-a5072,3.535
764-IPD-c5023,3.536
762-IPD-c5021,3.537
761-IPD-c5020,3.538
763-IPD-c5022,3.539
1060-IPD-a3061,3.54
769-IPD-c6020,3.541
828-IPD-c6030,3.542
1097-IPD-a5041,3.543
98-PEFA-Total,3.544
QOG17,3.545
17-ILO-Total,3.546
95-PEFA-Total,3.547
90-PEFA-Total,3.548
824-IPD-c602,3.549
756-IPD-c4024,3.55
797-IPD-c4024,3.551
812-IPD-c5000,3.552
759-IPD-c5001,3.553
758-IPD-c5000,3.554
1220-IPD-a3052,3.555
795-IPD-c402,3.556
34-PEFA-Total,3.557
1282-IPD-a512,3.558
PIM11,3.559
101-GCI-Value,3.56
102-GCI-Rank,3.561
755-IPD-c4023,3.562
PAY_EMP6,3.563
21-SC-Total,3.564
23-ILO-Total,3.565
QOG18,3.566
QOG19,3.567
QOG20,3.568
QOG21,3.569
26-SC-Total,3.57
378-IPD-c9002,3.571
56-IPD-c9002,3.572
825-IPD-c6020,3.573
767-IPD-c6010,3.574
986-IPD-b709,3.575
30-PEFA-Total,3.576
296-IPD-a1080,3.577
626-IPD-a1080,3.578
FAD_FR47,3.579
FAD_FR42,3.58
FAD_FR43,3.581
FAD_FR44,3.582
FAD_FR45,3.583
FAD_FR46,3.584
1-SC-Total,3.585
13-SC-Total,3.586
FAD_FR48,3.587
PIM12,3.588
PIM13,3.589
PIM14,3.59
FAD_FR49,3.591
FAD_FR50,3.592
25-PEFA-Total,3.593
PIM15,3.594
147-GCI-Value,3.595
148-GCI-Rank,3.596
QOG22,3.597
384-IPD-c8000,3.598
62-IPD-c8000,3.599
787-IPD-c8000,3.6
847-IPD-c8000,3.601
943-IPD-b4522,3.602
940-IPD-b452,3.603
846-IPD-c800,3.604
26-PEFA-Total,3.605
Global_Indicators7,3.606
Global_Indicators12,3.607
Global_Indicators27,3.608
Global_Indicators40,3.609
Global_Indicators51,3.61
Global_Indicators57,3.611
Global_Indicators69,3.612
Global_Indicators78,3.613
Global_Indicators81,3.614
Global_Indicators88,3.615
979-IPD-b7051,3.616
295-IPD-a1081,3.617
625-IPD-a1081,3.618
826-IPD-c6021,3.619
768-IPD-c6011,3.62
25-ILO-Total,3.621
217-IPD-a5074,3.622
540-IPD-a5074,3.623
249-IIAG-Total,3.624
21-PEFA-Total,3.625
817-IPD-c5021,3.626
24-ILO-Total,3.627
28-SC-Total,3.628
42-PEFA-Total,3.629
585-IPD-a3061,3.63
586-IPD-a3060,3.631
QOG23,3.632
QOG24,3.633
QOG25,3.634
QOG26,3.635
QOG27,3.636
QOG28,3.637
1272-IPD-a509,3.638
11-CPIA-Total,3.639
12-CPIA-Total,3.64
16-BTI-Total,3.641
QOG30,3.642
QOG31,3.643
QOG32,3.644
6-SC-Total,3.645
14-SC-Total,3.646
47-PEFA-Total,3.647
99-PEFA-Total,3.648
31-PEFA-Total,3.649
23-SC-Total,3.65
121-GCI-Value,3.651
122-GCI-Rank,3.652
20-ILO-Total,3.653
938-IPD-b4512,3.654
141-IPD-b4020,3.655
464-IPD-b4020,3.656
138-IPD-b4023,3.657
461-IPD-b4023,3.658
139-IPD-b4022,3.659
462-IPD-b4022,3.66
QOG109,3.661
QOG112,3.662
QOG113,3.663
QOG114,3.664
QOG33,3.665
QOG110,3.666
QOG111,3.667
105-PEFA-Total,3.668
148-IPD-b4000,3.669
471-IPD-b4000,3.67
149-IPD-b3050,3.671
472-IPD-b3050,3.672
146-IPD-b4011,3.673
469-IPD-b4011,3.674
144-IPD-b4013,3.675
467-IPD-b4013,3.676
147-IPD-b4010,3.677
470-IPD-b4010,3.678
142-IPD-b4015,3.679
465-IPD-b4015,3.68
143-IPD-b4014,3.681
466-IPD-b4014,3.682
145-IPD-b4012,3.683
468-IPD-b4012,3.684
698-IPD-d400,3.685
833-IPD-c702,3.686
834-IPD-c7020,3.687
837-IPD-c7023,3.688
836-IPD-c7022,3.689
835-IPD-c7021,3.69
63-PEFA-Total,3.691
PIM16,3.692
24-PEFA-Total,3.693
1230-IPD-a356,3.694
QOG40,3.695
22-ILO-Total,3.696
16-ILO-Total,3.697
416-IPD-b7040,3.698
93-IPD-b7040,3.699
122-IIAG-Total,3.7
417-IPD-b7030,3.701
94-IPD-b7030,3.702
221-IPD-a5070,3.703
544-IPD-a5070,3.704
153-IPD-b3031,3.705
476-IPD-b3031,3.706
QOG41,3.707
QOG42,3.708
QOG43,3.709
QOG44,3.71
QOG45,3.711
QOG46,3.712
QOG48,3.713
QOG50,3.714
QOG51,3.715
QOG53,3.716
PAY_EMP7,3.717
PAY_EMP10,3.718
PAY_EMP8,3.719
PAY_EMP11,3.72
PAY_EMP12,3.721
QOG54,3.722
981-IPD-b7060,3.723
27-ILO-Total,3.724
26-ILO-Total,3.725
35-ILO-Total,3.726
12-ILO-YGE15,3.727
13-ILO-YLT15,3.728
11-ILO-YGE65,3.729
10-ILO-Total,3.73
41-ILO-Total,3.731
15-ILO-Total,3.732
40-ILO-Total,3.733
14-ILO-Total,3.734
82-PEFA-Total,3.735
78-PEFA-Total,3.736
15-CPIA-Total,3.737
52-PEFA-Total,3.738
141-GCI-Value,3.739
142-GCI-Rank,3.74
81-PEFA-Total,3.741
794-IPD-c9002,3.742
16-CPIA-Total,3.743
21-IPD-d9003,3.744
342-IPD-d9003,3.745
22-IPD-d9002,3.746
343-IPD-d9002,3.747
23-IPD-d9001,3.748
344-IPD-d9001,3.749
24-IPD-d9000,3.75
345-IPD-d9000,3.751
20-IPD-d9004,3.752
341-IPD-d9004,3.753
1235-IPD-a308,3.754
753-IPD-c4021,3.755
131-GCI-Value,3.756
132-GCI-Rank,3.757
1200-IPD-a3030,3.758
51-PEFA-Total,3.759
807-IPD-c4531,3.76
808-IPD-c4532,3.761
1232-IPD-a3561,3.762
1233-IPD-a3562,3.763
842-IPD-c750,3.764
805-IPD-c453,3.765
850-IPD-c8500,3.766
851-IPD-c8501,3.767
849-IPD-c850,3.768
802-IPD-c452,3.769
799-IPD-c451,3.77
933-IPD-b450,3.771
2-BTI-Total,3.772
74-PEFA-Total,3.773
75-PEFA-Total,3.774
831-IPD-c701,3.775
786-IPD-c7054,3.776
49-PEFA-Total,3.777
274-IPD-a3003,3.778
605-IPD-a3003,3.779
275-IPD-a3002,3.78
606-IPD-a3002,3.781
276-IPD-a3001,3.782
607-IPD-a3001,3.783
272-IPD-a3005,3.784
603-IPD-a3005,3.785
273-IPD-a3004,3.786
604-IPD-a3004,3.787
QOG55,3.788
FAD_FR58,3.789
FAD_FR52,3.79
FAD_FR62,3.791
FAD_FR53,3.792
FAD_FR51,3.793
FAD_FR30,3.794
FAD_FR55,3.795
FAD_FR54,3.796
FAD_FR56,3.797
FAD_FR61,3.798
FAD_FR57,3.799
151-IPD-b3041,3.8
474-IPD-b3041,3.801
152-IPD-b3040,3.802
475-IPD-b3040,3.803
788-IPD-c8001,3.804
FAD_FR31,3.805
94-PEFA-Total,3.806
1273-IPD-a5090,3.807
1217-IPD-a305,3.808
69-IIAG-Total,3.809
974-IPD-b7040,3.81
975-IPD-b7041,3.811
976-IPD-b7042,3.812
32-PEFA-Total,3.813
86-PEFA-Total,3.814
79-PEFA-Total,3.815
91-PEFA-Total,3.816
803-IPD-c4520,3.817
42-GCI-Rank,3.818
41-GCI-Value,3.819
QOG56,3.82
QOG57,3.821
28-ILO-Female,3.822
29-ILO-Male,3.823
30-ILO-Total,3.824
34-ILO-Total,3.825
32-ILO-Female,3.826
33-ILO-Male,3.827
31-ILO-Total,3.828
993-IPD-b400,3.829
920-IPD-b402,3.83
408-IPD-c4000,3.831
85-IPD-c4000,3.832
994-IPD-b4000,3.833
39-ILO-Total,3.834
36-ILO-Total,3.835
984-IPD-b708,3.836
982-IPD-b707,3.837
977-IPD-b705,3.838
980-IPD-b706,3.839
932-IPD-b4033,3.84
865-IPD-b4050,3.841
403-IPD-c5000,3.842
81-IPD-c5000,3.843
18-ILO-Total,3.844
34-BTI-Total,3.845
1278-IPD-a511,3.846
1281-IPD-a5112,3.847
1280-IPD-a5111,3.848
1279-IPD-a5110,3.849
29-SC-Total,3.85
401-IPD-c5020,3.851
79-IPD-c5020,3.852
15-SC-Total,3.853
7-ILO-Total,3.854
822-IPD-c6010,3.855
765-IPD-c6000,3.856
875-IPD-b6001,3.857
400-IPD-c6000,3.858
78-IPD-c6000,3.859
1237-IPD-a3081,3.86
1236-IPD-a3080,3.861
677-IPD-d9001,3.862
676-IPD-d9000,3.863
679-IPD-d9003,3.864
678-IPD-d9002,3.865
27-SC-Total,3.866
19-BTI-Total,3.867
8-PEFA-Total,3.868
9-PEFA-Total,3.869
230-IPD-a5022,3.87
553-IPD-a5022,3.871
229-IPD-a5030,3.872
552-IPD-a5030,3.873
226-IPD-a5033,3.874
549-IPD-a5033,3.875
227-IPD-a5032,3.876
550-IPD-a5032,3.877
228-IPD-a5031,3.878
551-IPD-a5031,3.879
844-IPD-c7501,3.88
845-IPD-c7502,3.881
387-IPD-c7040,3.882
65-IPD-c7040,3.883
386-IPD-c7041,3.884
64-IPD-c7041,3.885
385-IPD-c7042,3.886
63-IPD-c7042,3.887
26-BTI-Total,3.888
18-CPIA-Total,3.889
154-IPD-b3030,3.89
477-IPD-b3030,3.891
FAD_FR63,3.892
FAD_FR59,3.893
FAD_FR60,3.894
54-PEFA-Total,3.895
237-IPD-a3130,3.896
561-IPD-a3130,3.897
1212-IPD-a3532,3.898
1210-IPD-a3530,3.899
1211-IPD-a3531,3.9
1213-IPD-a3533,3.901
1209-IPD-a353,3.902
37-PEFA-Total,3.903
QOG58,3.904
QOG59,3.905
QOG60,3.906
QOG61,3.907
QOG62,3.908
QOG63,3.909
QOG64,3.91
QOG65,3.911
1284-IPD-a513,3.912
5-PEFA-Total,3.913
12-PEFA-Total,3.914
2-PEFA-Total,3.915
17-WJP-Total,3.916
69-WJP-Total,3.917
1015-IPD-a1052,3.918
QOG66,3.919
QOG67,3.92
QOG68,3.921
QOG69,3.922
QOG70,3.923
QOG71,3.924
QOG72,3.925
QOG73,3.926
225-IPD-a5040,3.927
548-IPD-a5040,3.928
QOG34,3.929
QOG35,3.93
QOG36,3.931
QOG37,3.932
QOG38,3.933
783-IPD-c7051,3.934
73-PEFA-Total,3.935
57-PEFA-Total,3.936
96-PEFA-Total,3.937
258-IPD-a3052,3.938
589-IPD-a3052,3.939
107-PEFA-Total,3.94
88-PEFA-Total,3.941
84-PEFA-Total,3.942
80-PEFA-Total,3.943
29-PEFA-Total,3.944
BEEPS147,3.945
BEEPS247,3.946
QOG74,3.947
QOG75,3.948
QOG76,3.949
QOG77,3.95
QOG78,3.951
QOG79,3.952
QOG80,3.953
QOG81,3.954
QOG82,3.955
QOG83,3.956
QOG84,3.957
QOG86,3.958
QOG85,3.959
21-ILO-Total,3.96
19-ILO-Total,3.961
819-IPD-c6000,3.962
818-IPD-c600,3.963
60-PEFA-Total,3.964
61-PEFA-Total,3.965
PIM17,3.966
397-IPD-c6020,3.967
75-IPD-c6020,3.968
18-PEFA-Total,3.969
800-IPD-c4510,3.97
936-IPD-b4510,3.971
860-IPD-b4020,3.972
140-IPD-b4021,3.973
463-IPD-b4021,3.974
35-PEFA-Total,3.975
19-PEFA-Total,3.976
75-GCI-Value,3.977
76-GCI-Rank,3.978
924-IPD-b4023,3.979
105-GCI-Value,3.98
106-GCI-Rank,3.981
62-PEFA-Total,3.982
QOG87,3.983
7-SC-Total,3.984
PAY_EMP13,3.985
BEEPS150,3.986
BEEPS250,3.987
BEEPS153,3.988
BEEPS253,3.989
921-IPD-b4020,3.99
987-IPD-b7090,3.991
988-IPD-b7091,3.992
52-IIAG-Total,3.993
35-BTI-Total,3.994
QOG88,3.995
QOG89,3.996
QOG90,3.997
QOG91,3.998
QOG92,3.999
QOG93,4
QOG94,4.001
QOG95,4.002
700-IPD-d4001,4.003
699-IPD-d4000,4.004
1-FH-Total,1.01
PIV10,1.02
PIV23,2.01
PIV11,2.02
319-IPD-a1000,2.03
649-IPD-a1000,2.03
66-BTI-Total,2.04
65-BTI-Total,2.05
52-BTI-Total,2.06
110-SGI-Total,2.07
89-SGI-Total,2.08
118-SGI-Total,2.09
PAM_IAD36,Drop
PAM_IAD37,Drop
PAM_IAD38,Drop
PAM_IAD39,Drop
157-SGI-Total,3.01
23-SGI-Total,3.02
31-SGI-Total,3.03
88-SGI-Total,3.04
PAM_IAD35,3.05
PAM_IAD3,3.06
PAM_IAD11,3.07
PAM_IAD7,3.08
PAM_IAD15,3.09
PAM_IAD103,3.1
PAM_IAD32,3.11
PAM_IAD119,3.12
PAM_IAD49,3.13
PAM_IAD53,3.14
PAM_IAD57,3.15
PAM_IAD61,3.16
PAM_IAD67,3.17
PAM_IAD71,3.18
PAM_IAD76,3.19
PAM_IAD28,3.2
PAM_IAD183,3.21
PAM_IAD187,3.22
PAM_IAD191,3.23
PAM_IAD199,3.24
PAM_IAD80,3.25
PAM_IAD88,3.26
PAM_IAD84,3.27
PAM_IAD92,3.28
PAM_IAD109,3.29
PAM_IAD114,3.3
PAM_IAD137,3.31
PAM_IAD143,3.32
PAM_IAD148,3.33
PAM_IAD44,3.34
PAM_IAD152,3.35
PAM_IAD159,3.36
PAM_IAD156,3.37
PAM_IAD164,3.38
PAM_IAD20,3.39
PAM_IAD24,3.4
PAM_IAD173,3.41
PAM_IAD178,3.42
PAM_IAD195,3.43
PIV31,3.44
PAM_IAD46,3.45
PAM_IAD34,3.46
PAM_IAD99,3.47
PAM_IAD121,3.48
PAM_IAD127,3.49
PAM_IAD167,3.5
1014-IPD-a1051,3.51
318-IPD-a1001,3.52
648-IPD-a1001,3.53
PIV15,3.54
PIV30,3.55
PIV16,3.56
PAM_IAD77,3.57
1013-IPD-a1050,3.58
PAM_IAD94,3.59
PAM_IAD95,3.6
PAM_IAD96,3.61
PAM_IAD97,3.62
PAM_IAD98,3.63
PAM_IAD4,3.64
PAM_IAD12,3.65
PAM_IAD8,3.66
PAM_IAD16,3.67
PAM_IAD100,3.68
PAM_IAD29,3.69
PAM_IAD116,3.7
PAM_IAD50,3.71
PAM_IAD54,3.72
PAM_IAD58,3.73
PAM_IAD62,3.74
PAM_IAD64,3.75
PAM_IAD65,3.76
PAM_IAD68,3.77
PAM_IAD73,3.78
PAM_IAD74,3.79
PAM_IAD25,3.8
PAM_IAD180,3.81
PAM_IAD184,3.82
PAM_IAD188,3.83
PAM_IAD196,3.84
PAM_IAD81,3.85
PAM_IAD89,3.86
PAM_IAD85,3.87
PAM_IAD93,3.88
PAM_IAD106,3.89
PAM_IAD111,3.9
PAM_IAD128,3.91
PAM_IAD134,3.92
PAM_IAD140,3.93
PAM_IAD145,3.94
PAM_IAD41,3.95
PAM_IAD153,3.96
PAM_IAD160,3.97
PAM_IAD157,3.98
PAM_IAD165,3.99
PAM_IAD17,3.001
PAM_IAD18,3.002
PAM_IAD21,3.003
PAM_IAD22,3.004
PAM_IAD170,3.005
PAM_IAD175,3.006
PAM_IAD192,3.007
FSI5,3.008
PIV1,3.009
PAM_IAD40,3.127
PAM_IAD105,3.011
PAM_IAD122,3.012
PAM_IAD123,3.013
PAM_IAD124,3.014
PAM_IAD125,3.015
PAM_IAD126,3.016
PAM_IAD2,3.017
PAM_IAD10,3.018
PAM_IAD6,3.019
PAM_IAD14,3.124
PAM_IAD102,3.021
PAM_IAD31,3.022
PAM_IAD118,3.023
PAM_IAD48,3.024
PAM_IAD52,3.025
PAM_IAD56,3.026
PAM_IAD60,3.027
PAM_IAD66,3.028
PAM_IAD70,3.029
PAM_IAD75,3.125
PAM_IAD27,3.031
PAM_IAD182,3.032
PAM_IAD186,3.033
PAM_IAD190,3.034
PAM_IAD198,3.035
PAM_IAD79,3.036
PAM_IAD87,3.037
PAM_IAD83,3.038
PAM_IAD91,3.039
PAM_IAD108,3.126
PAM_IAD113,3.041
PAM_IAD136,3.042
PAM_IAD142,3.043
PAM_IAD147,3.044
PAM_IAD43,3.045
PAM_IAD151,3.046
PAM_IAD158,3.047
PAM_IAD155,3.048
PAM_IAD163,3.049
PAM_IAD19,3.05
PAM_IAD23,3.051
PAM_IAD172,3.052
PAM_IAD177,3.053
PAM_IAD194,3.054
PAM_IAD101,3.055
PAM_IAD30,3.056
PAM_IAD69,3.057
PAM_IAD112,3.058
PAM_IAD135,3.059
PAM_IAD146,3.06
PAM_IAD176,3.061
PAM_IAD129,3.062
PAM_IAD130,3.063
PAM_IAD131,3.064
PAM_IAD132,3.065
PAM_IAD1,3.066
PAM_IAD9,3.067
PAM_IAD5,3.068
PAM_IAD13,3.069
PAM_IAD117,3.07
PAM_IAD47,3.071
PAM_IAD51,3.072
PAM_IAD55,3.073
PAM_IAD59,3.074
PAM_IAD26,3.075
PAM_IAD181,3.076
PAM_IAD185,3.077
PAM_IAD189,3.078
PAM_IAD197,3.079
PAM_IAD78,3.08
PAM_IAD86,3.081
PAM_IAD82,3.082
PAM_IAD90,3.083
PAM_IAD107,3.084
PAM_IAD141,3.085
PAM_IAD42,3.086
PAM_IAD150,3.087
PAM_IAD161,3.088
PAM_IAD154,3.089
PAM_IAD162,3.09
PAM_IAD171,3.091
PAM_IAD193,3.092
PAM_IAD133,3.093
PIV32,3.094
1016-IPD-a1060,3.095
PAM_IAD139,3.096
45-SGI-Total,3.097
47-SGI-Total,3.098
49-SGI-Total,3.099
48-SGI-Total,3.1
44-SGI-Total,3.101
PIV24,3.102
PIV33,3.103
PIV22,3.104
PIV25,3.105
PAM_IAD166,3.106
PAM_IAD63,3.107
PAM_IAD168,3.108
PAM_IAD169,3.109
PAM_IAD104,3.11
PAM_IAD33,3.111
PAM_IAD120,3.112
PAM_IAD72,3.113
PAM_IAD110,3.114
PAM_IAD115,3.115
PAM_IAD138,3.116
PAM_IAD144,3.117
PAM_IAD149,3.118
PAM_IAD45,3.119
PAM_IAD174,3.12
PAM_IAD179,3.121
PIV29,3.122
PIV21,3.123
PIV7,3.124
59-BTI-Total,1.01
58-BTI-Total,1.02
60-BTI-Total,2.01
12-WJP-Total,2.02
Global_Integrity218,2.03
15-SGI-Total,2.04
12-WGI-Estimate,2.05
9-WGI-Rank,2.05
Global_Integrity866,2.06
5-WJP-Total,2.07
131-SGI-Total,2.08
11-WGI-StdErr,Drop
7-WGI-Upper,Drop
8-WGI-Lower,Drop
117-SGI-Total,3.01
150-SGI-Total,3.02
99-SGI-Total,3.03
158-SGI-Total,3.04
164-SGI-Total,3.05
180-SGI-Total,3.06
181-SGI-Total,3.07
182-SGI-Total,3.08
20-SGI-Total,3.09
71-SGI-Total,3.1
72-SGI-Total,3.11
75-SGI-Total,3.12
Global_Integrity1321,3.13
Global_Integrity1346,10.98
137-IPU-Number.of.women.parliamentarians,3.15
214-IPU-Percentage.of.women,3.16
60-IPU-Number.of.seats,3.17
Global_Integrity1356,3.18
Global_Integrity1358,3.19
Global_Integrity956,3.2
Global_Integrity1363,3.21
Global_Integrity955,3.22
Global_Integrity1357,3.23
Global_Integrity1091,3.24
Global_Integrity1362,3.25
Global_Integrity29,3.26
Global_Integrity183,3.27
Global_Integrity556,3.28
Global_Integrity363,3.29
Global_Integrity184,3.3
Global_Integrity980,3.31
Global_Integrity1076,3.32
Global_Integrity1106,3.33
Global_Integrity1250,3.34
Global_Integrity773,3.35
Global_Integrity34,3.36
Global_Integrity1092,3.37
Global_Integrity1093,3.38
Global_Integrity98,3.39
Global_Integrity122,3.4
Global_Integrity1217,3.41
Global_Integrity557,3.42
Global_Integrity947,3.43
Global_Integrity135,3.44
Global_Integrity165,3.45
Global_Integrity580,3.46
Global_Integrity687,3.47
Global_Integrity719,3.48
Global_Integrity364,3.49
Global_Integrity1228,3.5
Global_Integrity51,3.51
Global_Integrity65,3.52
Global_Integrity1311,3.53
Global_Integrity394,3.54
Global_Integrity476,3.55
Global_Integrity581,3.56
Global_Integrity1134,3.57
Global_Integrity1274,3.58
Global_Integrity948,3.59
Global_Integrity1251,3.6
Global_Integrity1312,3.61
Global_Integrity35,3.62
Global_Integrity1302,3.63
1260-IPD-a5030,3.64
Global_Integrity166,3.65
Global_Integrity167,3.66
Global_Integrity257,3.67
Global_Integrity240,3.68
Global_Integrity489,3.69
Global_Integrity649,3.7
Global_Integrity596,3.71
Global_Integrity538,3.72
Global_Integrity688,3.73
Global_Integrity344,3.74
Global_Integrity331,3.75
Global_Integrity424,3.76
Global_Integrity270,3.77
Global_Integrity345,3.78
Global_Integrity510,3.79
Global_Integrity150,3.8
Global_Integrity151,3.81
Global_Integrity221,3.82
Global_Integrity194,3.83
Global_Integrity1123,3.84
1247-IPD-a5009,3.85
148-IPU-Number.of.women.parliamentarians,3.86
225-IPU-Percentage.of.women,3.87
71-IPU-Number.of.seats,3.88
130-IPU-Number.of.women.parliamentarians,3.89
207-IPU-Percentage.of.women,3.9
53-IPU-Number.of.seats,3.91
150-IPU-Number.of.women.parliamentarians,3.92
227-IPU-Percentage.of.women,3.93
73-IPU-Number.of.seats,3.94
1256-IPD-a5018,3.95
Global_Integrity1338,3.96
Global_Integrity375,3.97
Global_Integrity1337,3.98
Global_Integrity786,3.99
Global_Integrity1355,3.101
Global_Integrity99,3.102
Global_Integrity79,3.103
Global_Integrity111,3.104
Global_Integrity376,3.105
Global_Integrity395,3.106
Global_Integrity459,3.107
Global_Integrity195,3.108
Global_Integrity291,3.109
Global_Integrity271,10.97
Global_Integrity828,3.111
Global_Integrity914,3.112
Global_Integrity959,3.113
Global_Integrity1041,3.114
Global_Integrity1212,3.115
Global_Integrity377,3.116
Global_Integrity346,3.117
Global_Integrity443,3.118
Global_Integrity539,3.119
Global_Integrity567,10.96
Global_Integrity665,3.121
Global_Integrity708,3.122
Global_Integrity292,3.123
Global_Integrity293,3.124
Global_Integrity378,3.125
Global_Integrity196,3.126
Global_Integrity970,3.127
Global_Integrity1056,3.128
Global_Integrity1077,3.129
Global_Integrity540,10.95
Global_Integrity1181,3.131
Global_Integrity425,3.132
Global_Integrity444,3.133
Global_Integrity582,3.134
Global_Integrity650,3.135
Global_Integrity756,3.136
Global_Integrity829,3.137
Global_Integrity757,3.138
Global_Integrity865,3.139
Global_Integrity915,3.14
Global_Integrity689,3.141
Global_Integrity799,3.142
Global_Integrity1303,3.143
Global_Integrity365,3.144
Global_Integrity774,3.145
Global_Integrity1193,3.146
Global_Integrity1261,3.147
Global_Integrity1295,3.148
Global_Integrity241,3.149
Global_Integrity407,3.15
Global_Integrity490,3.151
Global_Integrity511,3.152
Global_Integrity317,3.153
Global_Integrity408,3.154
Global_Integrity242,3.155
Global_Integrity318,3.156
Global_Integrity426,3.157
Global_Integrity568,3.158
10-IPU-Number.of.seats,3.159
164-IPU-Percentage.of.women,3.16
87-IPU-Number.of.women.parliamentarians,3.161
125-IPU-Number.of.women.parliamentarians,3.162
202-IPU-Percentage.of.women,3.163
48-IPU-Number.of.seats,3.164
10-WJP-Total,3.165
13-WJP-Total,3.166
14-WJP-Total,3.167
70-WJP-Total,3.168
11-WJP-Total,3.169
Global_Integrity563,3.17
Global_Integrity1342,3.171
Global_Integrity28,3.172
Global_Integrity1320,3.173
Global_Integrity185,3.174
Global_Integrity1347,3.175
64-WJP-Total,3.176
1257-IPD-a502,3.177
Global_Integrity372,3.178
Global_Integrity374,3.179
Global_Integrity373,3.18
145-IPU-Number.of.women.parliamentarians,3.181
222-IPU-Percentage.of.women,3.182
68-IPU-Number.of.seats,3.183
114-IPU-Number.of.women.parliamentarians,3.184
191-IPU-Percentage.of.women,3.185
37-IPU-Number.of.seats,3.186
132-IPU-Number.of.women.parliamentarians,3.187
209-IPU-Percentage.of.women,3.188
55-IPU-Number.of.seats,3.189
120-IPU-Number.of.women.parliamentarians,3.19
197-IPU-Percentage.of.women,3.191
43-IPU-Number.of.seats,3.192
118-IPU-Number.of.women.parliamentarians,3.193
195-IPU-Percentage.of.women,3.194
41-IPU-Number.of.seats,3.195
139-IPU-Number.of.women.parliamentarians,3.196
216-IPU-Percentage.of.women,3.197
62-IPU-Number.of.seats,3.198
159-IPU-Percentage.of.women,3.199
5-IPU-Number.of.seats,3.2
82-IPU-Number.of.women.parliamentarians,3.201
Global_Integrity1366,3.202
6-WJP-Total,3.203
7-WJP-Total,3.204
3-WJP-Total,3.205
2-WJP-Total,3.206
4-WJP-Total,3.207
100-IPD-b7000,3.208
423-IPD-b7000,3.209
422-IPD-b7001,3.21
99-IPD-b7001,3.211
1263-IPD-a505,3.212
124-IPU-Number.of.women.parliamentarians,3.213
201-IPU-Percentage.of.women,3.214
47-IPU-Number.of.seats,3.215
Global_Integrity993,3.216
Global_Integrity36,3.217
Global_Integrity66,3.218
Global_Integrity67,3.219
Global_Integrity1152,3.22
Global_Integrity1283,3.221
Global_Integrity112,3.222
912-IPD-b8003,3.223
1365-IPD-a9061,3.224
1064-IPD-a3073,3.225
1062-IPD-a3071,3.226
1061-IPD-a3070,3.227
1063-IPD-a3072,3.228
1262-IPD-a5040,3.229
1065-IPD-a3080,3.23
Global_Integrity1135,3.231
Global_Integrity409,3.232
1264-IPD-a5050,3.233
1010-IPD-a1040,3.234
72-WJP-Total,3.235
1363-IPD-a906,3.236
1071-IPD-a3097,3.237
1079-IPD-a3107,3.238
903-IPD-b7021,3.239
418-IPD-b7020,3.24
95-IPD-b7020,3.241
Global_Integrity192,3.242
Global_Integrity1327,3.243
Global_Integrity1328,3.244
Global_Integrity1341,3.245
185-IPD-a9011,3.246
508-IPD-a9011,3.247
1067-IPD-a3093,3.248
1075-IPD-a3103,3.249
1228-IPD-a355,3.25
Global_Integrity1332,3.251
970-IPD-b7021,3.252
1338-IPD-a803,3.253
12-IPU-Number.of.seats,3.254
166-IPU-Percentage.of.women,3.255
89-IPU-Number.of.women.parliamentarians,3.256
152-IPU-Number.of.women.parliamentarians,3.257
229-IPU-Percentage.of.women,3.258
75-IPU-Number.of.seats,3.259
174-IPU-Percentage.of.women,3.26
20-IPU-Number.of.seats,3.261
97-IPU-Number.of.women.parliamentarians,3.262
Global_Integrity1353,3.263
1240-IPD-a5002,3.264
253-IPD-a3072,3.265
582-IPD-a3072,3.266
1249-IPD-a5011,3.267
1254-IPD-a5016,3.268
1259-IPD-a503,3.269
Global_Integrity1323,3.27
112-IPU-Number.of.women.parliamentarians,3.271
189-IPU-Percentage.of.women,3.272
35-IPU-Number.of.seats,3.273
Global_Integrity1339,3.274
Global_Integrity558,3.275
41-WJP-Total,3.276
Global_Integrity949,3.277
Global_Integrity565,3.278
149-IPU-Number.of.women.parliamentarians,3.279
226-IPU-Percentage.of.women,3.28
72-IPU-Number.of.seats,3.281
140-IPU-Number.of.women.parliamentarians,3.282
217-IPU-Percentage.of.women,3.283
63-IPU-Number.of.seats,3.284
862-IPD-b4022,3.285
113-IPU-Number.of.women.parliamentarians,3.286
190-IPU-Percentage.of.women,3.287
36-IPU-Number.of.seats,3.288
13-IPU-Number.of.seats,3.289
167-IPU-Percentage.of.women,3.29
90-IPU-Number.of.women.parliamentarians,3.291
108-IPU-Number.of.women.parliamentarians,3.292
185-IPU-Percentage.of.women,3.293
31-IPU-Number.of.seats,3.294
176-IPU-Percentage.of.women,3.295
22-IPU-Number.of.seats,3.296
99-IPU-Number.of.women.parliamentarians,3.297
121-IPU-Number.of.women.parliamentarians,3.298
198-IPU-Percentage.of.women,3.299
44-IPU-Number.of.seats,3.3
134-IPU-Number.of.women.parliamentarians,3.301
211-IPU-Percentage.of.women,3.302
57-IPU-Number.of.seats,3.303
156-IPU-Percentage.of.women,3.304
2-IPU-Number.of.seats,3.305
79-IPU-Number.of.women.parliamentarians,3.306
153-IPU-Number.of.women.parliamentarians,3.307
230-IPU-Percentage.of.women,3.308
76-IPU-Number.of.seats,3.309
173-IPU-Percentage.of.women,3.31
19-IPU-Number.of.seats,3.311
96-IPU-Number.of.women.parliamentarians,3.312
110-IPU-Number.of.women.parliamentarians,3.313
187-IPU-Percentage.of.women,3.314
33-IPU-Number.of.seats,3.315
162-IPU-Percentage.of.women,3.316
8-IPU-Number.of.seats,3.317
85-IPU-Number.of.women.parliamentarians,3.318
105-IPU-Number.of.women.parliamentarians,3.319
182-IPU-Percentage.of.women,3.32
28-IPU-Number.of.seats,3.321
111-IPU-Number.of.women.parliamentarians,3.322
188-IPU-Percentage.of.women,3.323
34-IPU-Number.of.seats,3.324
1-IPU-Number.of.seats,3.325
155-IPU-Percentage.of.women,3.326
78-IPU-Number.of.women.parliamentarians,3.327
1255-IPD-a5017,3.328
199-IPD-a6022,3.329
522-IPD-a6022,3.33
198-IPD-a6023,3.331
521-IPD-a6023,3.332
200-IPD-a6021,3.333
523-IPD-a6021,3.334
Global_Integrity986,3.335
Global_Integrity1048,3.336
Global_Integrity1082,3.337
Global_Integrity1111,3.338
Global_Integrity668,3.339
Global_Integrity790,3.34
Global_Integrity844,3.341
Global_Integrity101,3.342
Global_Integrity125,3.343
Global_Integrity104,3.344
Global_Integrity127,3.345
Global_Integrity734,3.346
Global_Integrity189,3.347
Global_Integrity190,3.348
Global_Integrity2,3.349
Global_Integrity3,3.35
Global_Integrity983,3.351
Global_Integrity1044,3.352
Global_Integrity1109,3.353
Global_Integrity332,3.354
Global_Integrity327,3.355
Global_Integrity355,3.356
Global_Integrity418,3.357
Global_Integrity651,3.358
Global_Integrity1003,3.359
Global_Integrity1110,3.36
Global_Integrity1155,3.361
Global_Integrity996,3.362
Global_Integrity1063,3.363
Global_Integrity1129,3.364
Global_Integrity1059,3.365
Global_Integrity1127,3.366
Global_Integrity1067,3.367
Global_Integrity1131,3.368
Global_Integrity1008,3.369
Global_Integrity1117,3.37
Global_Integrity1169,3.371
Global_Integrity1118,3.372
Global_Integrity41,3.373
Global_Integrity42,3.374
Global_Integrity1079,3.375
Global_Integrity222,3.376
Global_Integrity258,3.377
Global_Integrity306,3.378
Global_Integrity308,3.379
Global_Integrity802,3.38
Global_Integrity868,3.381
Global_Integrity652,3.382
Global_Integrity759,3.383
Global_Integrity832,3.384
Global_Integrity379,3.385
Global_Integrity397,3.386
Global_Integrity410,3.387
Global_Integrity462,3.388
Global_Integrity833,3.389
Global_Integrity917,3.39
Global_Integrity918,3.391
Global_Integrity962,3.392
Global_Integrity869,3.393
Global_Integrity760,3.394
Global_Integrity870,3.395
Global_Integrity919,3.396
Global_Integrity380,3.397
Global_Integrity347,3.398
Global_Integrity398,3.399
Global_Integrity446,3.4
Global_Integrity479,3.401
Global_Integrity542,3.402
Global_Integrity570,3.403
Global_Integrity653,3.404
Global_Integrity669,3.405
Global_Integrity711,3.406
Global_Integrity294,3.407
Global_Integrity295,3.408
Global_Integrity319,3.409
Global_Integrity381,3.41
Global_Integrity197,3.411
Global_Integrity973,3.412
Global_Integrity1060,3.413
Global_Integrity1026,3.414
Global_Integrity1080,3.415
Global_Integrity691,3.416
Global_Integrity803,3.417
Global_Integrity37,3.418
Global_Integrity69,3.419
Global_Integrity73,3.42
Global_Integrity43,3.421
Global_Integrity74,3.422
Global_Integrity188,3.423
Global_Integrity1,3.424
Global_Integrity10,3.425
Global_Integrity367,3.426
Global_Integrity776,3.427
Global_Integrity70,3.428
Global_Integrity504,3.429
Global_Integrity594,3.43
Global_Integrity609,3.431
Global_Integrity661,3.432
Global_Integrity583,3.433
Global_Integrity670,3.434
Global_Integrity722,3.435
Global_Integrity692,3.436
Global_Integrity647,3.437
Global_Integrity750,3.438
Global_Integrity826,3.439
Global_Integrity747,3.44
Global_Integrity1012,3.441
Global_Integrity1122,3.442
Global_Integrity1179,3.443
Global_Integrity1095,3.444
Global_Integrity1094,3.445
Global_Integrity1098,3.446
Global_Integrity186,3.447
Global_Integrity147,3.448
Global_Integrity179,3.449
Global_Integrity141,3.45
Global_Integrity171,3.451
Global_Integrity1005,3.452
Global_Integrity1112,3.453
Global_Integrity1159,3.454
Global_Integrity13,3.455
Global_Integrity952,3.456
Global_Integrity12,3.457
Global_Integrity950,3.458
Global_Integrity505,3.459
Global_Integrity1230,3.46
Global_Integrity1313,3.461
Global_Integrity1304,3.462
Global_Integrity477,3.463
Global_Integrity999,3.464
Global_Integrity932,3.465
Global_Integrity1023,3.466
Global_Integrity1213,3.467
Global_Integrity885,3.468
Global_Integrity971,3.469
Global_Integrity1000,3.47
Global_Integrity1004,3.471
Global_Integrity830,3.472
Global_Integrity709,3.473
Global_Integrity831,3.474
Global_Integrity881,3.475
Global_Integrity884,3.476
Global_Integrity787,3.477
Global_Integrity882,3.478
Global_Integrity928,3.479
Global_Integrity931,3.48
Global_Integrity841,3.481
Global_Integrity929,3.482
Global_Integrity972,3.483
Global_Integrity974,3.484
Global_Integrity569,3.485
Global_Integrity445,3.486
Global_Integrity460,3.487
Global_Integrity541,3.488
Global_Integrity597,3.489
Global_Integrity599,3.49
Global_Integrity1001,3.491
Global_Integrity1013,3.492
Global_Integrity1124,3.493
Global_Integrity1136,3.494
Global_Integrity1182,3.495
Global_Integrity1184,3.496
Global_Integrity1042,3.497
Global_Integrity1045,3.498
Global_Integrity113,3.499
Global_Integrity136,3.5
Global_Integrity138,3.501
Global_Integrity123,3.502
Global_Integrity690,3.503
Global_Integrity758,3.504
Global_Integrity761,3.505
Global_Integrity1107,3.506
Global_Integrity80,3.507
Global_Integrity24,3.508
Global_Integrity1253,3.509
Global_Integrity1314,3.51
Global_Integrity54,3.511
Global_Integrity1205,3.512
Global_Integrity1281,3.513
Global_Integrity1300,3.514
Global_Integrity1269,3.515
Global_Integrity637,3.516
Global_Integrity738,3.517
Global_Integrity817,3.518
Global_Integrity1305,3.519
Global_Integrity513,3.52
Global_Integrity348,3.521
Global_Integrity335,3.522
Global_Integrity382,3.523
Global_Integrity427,3.524
Global_Integrity411,3.525
Global_Integrity447,3.526
Global_Integrity492,3.527
Global_Integrity463,3.528
Global_Integrity514,3.529
Global_Integrity264,3.53
Global_Integrity276,3.531
Global_Integrity310,3.532
Global_Integrity351,3.533
Global_Integrity277,3.534
Global_Integrity265,3.535
Global_Integrity298,3.536
Global_Integrity337,3.537
Global_Integrity1011,3.538
Global_Integrity1121,3.539
Global_Integrity1177,3.54
Global_Integrity1133,3.541
Global_Integrity1227,3.542
Global_Integrity1272,3.543
Global_Integrity1006,3.544
Global_Integrity1113,3.545
Global_Integrity1163,3.546
Global_Integrity38,3.547
Global_Integrity39,3.548
Global_Integrity591,3.549
Global_Integrity676,3.55
Global_Integrity730,3.551
Global_Integrity697,3.552
Global_Integrity1007,3.553
Global_Integrity1115,3.554
Global_Integrity1166,3.555
Global_Integrity693,3.556
Global_Integrity640,3.557
Global_Integrity739,3.558
Global_Integrity741,3.559
Global_Integrity820,3.56
Global_Integrity139,3.561
Global_Integrity1156,3.562
Global_Integrity1027,3.563
Global_Integrity1016,3.564
Global_Integrity126,3.565
Global_Integrity153,3.566
Global_Integrity1061,3.567
Global_Integrity1137,3.568
Global_Integrity1197,3.569
Global_Integrity963,3.57
Global_Integrity1046,3.571
Global_Integrity694,3.572
Global_Integrity810,3.573
Global_Integrity876,3.574
Global_Integrity655,3.575
Global_Integrity762,3.576
Global_Integrity834,3.577
Global_Integrity261,3.578
Global_Integrity272,3.579
Global_Integrity273,3.58
Global_Integrity309,3.581
Global_Integrity349,3.582
Global_Integrity262,3.583
Global_Integrity296,3.584
Global_Integrity336,3.585
Global_Integrity1128,3.586
Global_Integrity1219,3.587
Global_Integrity1263,3.588
Global_Integrity455,3.589
Global_Integrity506,3.59
Global_Integrity525,3.591
Global_Integrity421,3.592
Global_Integrity320,3.593
Global_Integrity350,3.594
Global_Integrity412,3.595
Global_Integrity247,3.596
Global_Integrity278,3.597
Global_Integrity323,3.598
Global_Integrity321,3.599
Global_Integrity413,3.6
Global_Integrity428,3.601
Global_Integrity493,3.602
Global_Integrity571,3.603
Global_Integrity723,3.604
Global_Integrity845,3.605
Global_Integrity888,3.606
Global_Integrity1244,3.607
Global_Integrity1286,3.608
Global_Integrity804,3.609
Global_Integrity889,3.61
Global_Integrity935,3.611
Global_Integrity792,3.612
Global_Integrity724,3.613
Global_Integrity157,3.614
Global_Integrity206,3.615
Global_Integrity226,3.616
Global_Integrity229,3.617
Global_Integrity201,3.618
Global_Integrity207,3.619
Global_Integrity155,3.62
Global_Integrity202,3.621
Global_Integrity223,3.622
Global_Integrity227,3.623
Global_Integrity198,3.624
Global_Integrity203,3.625
Global_Integrity159,3.626
Global_Integrity160,3.627
Global_Integrity208,3.628
Global_Integrity211,3.629
Global_Integrity672,3.63
Global_Integrity793,3.631
Global_Integrity846,3.632
Global_Integrity622,3.633
Global_Integrity725,3.634
Global_Integrity805,3.635
Global_Integrity614,3.636
Global_Integrity352,3.637
Global_Integrity280,3.638
Global_Integrity548,3.639
Global_Integrity630,3.64
Global_Integrity700,3.641
Global_Integrity281,3.642
Global_Integrity311,3.643
Global_Integrity356,3.644
Global_Integrity339,3.645
Global_Integrity386,3.646
Global_Integrity435,3.647
Global_Integrity465,3.648
Global_Integrity517,3.649
Global_Integrity224,3.65
Global_Integrity154,3.651
Global_Integrity199,3.652
Global_Integrity600,3.653
Global_Integrity494,3.654
Global_Integrity584,3.655
Global_Integrity654,3.656
Global_Integrity606,3.657
Global_Integrity496,3.658
Global_Integrity587,3.659
Global_Integrity656,3.66
Global_Integrity603,3.661
Global_Integrity543,3.662
Global_Integrity623,3.663
Global_Integrity695,3.664
Global_Integrity162,3.665
Global_Integrity213,3.666
Global_Integrity230,3.667
Global_Integrity232,3.668
Global_Integrity212,3.669
Global_Integrity214,3.67
Global_Integrity340,3.671
Global_Integrity389,3.672
Global_Integrity439,3.673
Global_Integrity468,3.674
Global_Integrity521,3.675
Global_Integrity703,3.676
Global_Integrity235,3.677
Global_Integrity233,3.678
Global_Integrity284,3.679
Global_Integrity312,3.68
Global_Integrity358,3.681
Global_Integrity216,3.682
Global_Integrity215,3.683
Global_Integrity164,3.684
Global_Integrity217,3.685
Global_Integrity545,3.686
Global_Integrity626,3.687
Global_Integrity698,3.688
Global_Integrity338,3.689
Global_Integrity383,3.69
Global_Integrity431,3.691
Global_Integrity471,3.692
Global_Integrity526,3.693
Global_Integrity612,3.694
Global_Integrity287,3.695
Global_Integrity313,3.696
Global_Integrity359,3.697
Global_Integrity500,3.698
Global_Integrity404,3.699
Global_Integrity436,3.7
Global_Integrity485,3.701
Global_Integrity452,3.702
Global_Integrity501,3.703
Global_Integrity1062,3.704
Global_Integrity1185,3.705
Global_Integrity1220,3.706
Global_Integrity75,3.707
Global_Integrity105,3.708
Global_Integrity634,3.709
Global_Integrity731,3.71
Global_Integrity735,3.711
Global_Integrity814,3.712
Global_Integrity1132,3.713
Global_Integrity1225,3.714
Global_Integrity1270,3.715
Global_Integrity429,3.716
Global_Integrity480,3.717
Global_Integrity1298,3.718
Global_Integrity236,3.719
Global_Integrity238,3.72
Global_Integrity219,3.721
Global_Integrity220,3.722
Global_Integrity1266,3.723
Global_Integrity1201,3.724
Global_Integrity1279,3.725
Global_Integrity45,3.726
Global_Integrity77,3.727
Global_Integrity1198,3.728
Global_Integrity1275,3.729
Global_Integrity1296,3.73
Global_Integrity502,3.731
Global_Integrity592,3.732
Global_Integrity658,3.733
Global_Integrity522,3.734
Global_Integrity419,3.735
Global_Integrity627,3.736
Global_Integrity726,3.737
Global_Integrity806,3.738
Global_Integrity71,3.739
Global_Integrity102,3.74
Global_Integrity645,3.741
Global_Integrity744,3.742
Global_Integrity748,3.743
Global_Integrity824,3.744
Global_Integrity643,3.745
Global_Integrity742,3.746
Global_Integrity745,3.747
Global_Integrity822,3.748
Global_Integrity1010,3.749
Global_Integrity1120,3.75
Global_Integrity1175,3.751
Global_Integrity1009,3.752
Global_Integrity1119,3.753
Global_Integrity1172,3.754
Global_Integrity1255,3.755
Global_Integrity19,3.756
Global_Integrity1256,3.757
Global_Integrity44,3.758
Global_Integrity1099,3.759
Global_Integrity1100,3.76
Global_Integrity15,3.761
Global_Integrity1101,3.762
Global_Integrity466,3.763
Global_Integrity546,3.764
Global_Integrity1170,3.765
Global_Integrity1248,3.766
Global_Integrity1289,3.767
Global_Integrity142,3.768
Global_Integrity815,3.769
Global_Integrity853,3.77
Global_Integrity896,3.771
Global_Integrity740,3.772
Global_Integrity854,3.773
Global_Integrity899,3.774
Global_Integrity128,3.775
Global_Integrity156,3.776
Global_Integrity83,3.777
Global_Integrity103,3.778
Global_Integrity114,3.779
Global_Integrity107,3.78
Global_Integrity129,3.781
Global_Integrity109,3.782
Global_Integrity131,3.783
Global_Integrity115,3.784
Global_Integrity116,3.785
Global_Integrity551,3.786
Global_Integrity1173,3.787
Global_Integrity1249,3.788
Global_Integrity1290,3.789
Global_Integrity110,3.79
Global_Integrity133,3.791
Global_Integrity369,3.792
Global_Integrity5,3.793
Global_Integrity1064,3.794
Global_Integrity1188,3.795
Global_Integrity1222,3.796
Global_Integrity1167,3.797
Global_Integrity1033,3.798
Global_Integrity1146,3.799
Global_Integrity1203,3.8
Global_Integrity1239,3.801
Global_Integrity1186,3.802
Global_Integrity1264,3.803
Global_Integrity1292,3.804
Global_Integrity1125,3.805
Global_Integrity930,3.806
Global_Integrity994,3.807
Global_Integrity1024,3.808
Global_Integrity1028,3.809
Global_Integrity1108,3.81
Global_Integrity1214,3.811
Global_Integrity1237,3.812
Global_Integrity1240,3.813
Global_Integrity883,3.814
Global_Integrity960,3.815
Global_Integrity995,3.816
Global_Integrity997,3.817
Global_Integrity118,3.818
Global_Integrity897,3.819
Global_Integrity942,3.82
Global_Integrity86,3.821
Global_Integrity106,3.822
Global_Integrity117,3.823
Global_Integrity1083,3.824
Global_Integrity1141,3.825
Global_Integrity1138,3.826
Global_Integrity1081,3.827
Global_Integrity1139,3.828
Global_Integrity1085,3.829
Global_Integrity1144,3.83
Global_Integrity998,3.831
Global_Integrity11,3.832
Global_Integrity370,3.833
Global_Integrity778,3.834
Global_Integrity835,3.835
Global_Integrity921,3.836
Global_Integrity964,3.837
Global_Integrity437,3.838
Global_Integrity453,3.839
Global_Integrity523,3.84
Global_Integrity593,3.841
Global_Integrity486,3.842
Global_Integrity549,3.843
Global_Integrity482,3.844
Global_Integrity547,3.845
Global_Integrity405,3.846
Global_Integrity454,3.847
Global_Integrity401,3.848
Global_Integrity449,3.849
Global_Integrity818,3.85
Global_Integrity880,3.851
Global_Integrity816,3.852
Global_Integrity879,3.853
Global_Integrity662,3.854
Global_Integrity765,3.855
Global_Integrity768,3.856
Global_Integrity838,3.857
Global_Integrity659,3.858
Global_Integrity763,3.859
Global_Integrity766,3.86
Global_Integrity836,3.861
Global_Integrity420,3.862
Global_Integrity469,3.863
Global_Integrity414,3.864
Global_Integrity467,3.865
Global_Integrity925,3.866
Global_Integrity922,3.867
Global_Integrity576,3.868
Global_Integrity660,3.869
Global_Integrity677,3.87
Global_Integrity715,3.871
Global_Integrity573,3.872
Global_Integrity657,3.873
Global_Integrity673,3.874
Global_Integrity713,3.875
Global_Integrity302,3.876
Global_Integrity299,3.877
Global_Integrity303,3.878
Global_Integrity328,3.879
Global_Integrity387,3.88
Global_Integrity300,3.881
Global_Integrity324,3.882
Global_Integrity384,3.883
Global_Integrity837,3.884
Global_Integrity926,3.885
Global_Integrity966,3.886
Global_Integrity304,3.887
Global_Integrity301,3.888
Global_Integrity209,3.889
Global_Integrity250,3.89
Global_Integrity204,3.891
Global_Integrity248,3.892
Global_Integrity210,3.893
Global_Integrity282,3.894
Global_Integrity205,3.895
Global_Integrity279,3.896
Global_Integrity979,3.897
Global_Integrity1075,3.898
Global_Integrity978,3.899
Global_Integrity1073,3.9
Global_Integrity1035,3.901
Global_Integrity1090,3.902
Global_Integrity1034,3.903
Global_Integrity1088,3.904
Global_Integrity977,3.905
Global_Integrity1071,3.906
Global_Integrity877,3.907
Global_Integrity872,3.908
Global_Integrity767,3.909
Global_Integrity878,3.91
Global_Integrity927,3.911
Global_Integrity764,3.912
Global_Integrity873,3.913
Global_Integrity923,3.914
Global_Integrity664,3.915
Global_Integrity770,3.916
Global_Integrity772,3.917
Global_Integrity840,3.918
Global_Integrity701,3.919
Global_Integrity811,3.92
Global_Integrity699,3.921
Global_Integrity807,3.922
Global_Integrity357,3.923
Global_Integrity388,3.924
Global_Integrity406,3.925
Global_Integrity353,3.926
Global_Integrity385,3.927
Global_Integrity402,3.928
Global_Integrity1049,3.929
Global_Integrity1160,3.93
Global_Integrity1216,3.931
Global_Integrity992,3.932
Global_Integrity1053,3.933
Global_Integrity1089,3.934
Global_Integrity1116,3.935
Global_Integrity990,3.936
Global_Integrity1051,3.937
Global_Integrity1086,3.938
Global_Integrity1114,3.939
Global_Integrity780,3.94
Global_Integrity779,3.941
Global_Integrity60,3.942
Global_Integrity89,3.943
Global_Integrity92,3.944
Global_Integrity63,3.945
Global_Integrity93,3.946
Global_Integrity95,3.947
Global_Integrity94,3.948
Global_Integrity57,3.949
Global_Integrity87,3.95
Global_Integrity1069,3.951
Global_Integrity1191,3.952
Global_Integrity1226,3.953
Global_Integrity88,3.954
Global_Integrity1189,3.955
Global_Integrity544,3.956
Global_Integrity1168,3.957
Global_Integrity1247,3.958
Global_Integrity1288,3.959
Global_Integrity432,3.96
Global_Integrity450,3.961
Global_Integrity518,3.962
Global_Integrity588,3.963
Global_Integrity55,3.964
Global_Integrity84,3.965
Global_Integrity85,3.966
Global_Integrity528,3.967
Global_Integrity613,3.968
Global_Integrity682,3.969
Global_Integrity628,3.97
Global_Integrity519,3.971
Global_Integrity604,3.972
Global_Integrity674,3.973
Global_Integrity635,3.974
Global_Integrity631,3.975
Global_Integrity515,3.976
Global_Integrity601,3.977
Global_Integrity624,3.978
Global_Integrity671,3.979
Global_Integrity537,3.98
Global_Integrity618,3.981
Global_Integrity644,3.982
Global_Integrity686,3.983
Global_Integrity527,3.984
Global_Integrity610,3.985
Global_Integrity638,3.986
Global_Integrity680,3.987
Global_Integrity589,3.988
Global_Integrity675,3.989
Global_Integrity727,3.99
Global_Integrity696,3.991
Global_Integrity707,3.992
Global_Integrity524,3.993
Global_Integrity607,3.994
Global_Integrity678,3.995
Global_Integrity648,3.996
Global_Integrity751,3.997
Global_Integrity753,3.998
Global_Integrity827,3.999
Global_Integrity795,4.01
Global_Integrity679,4.02
Global_Integrity796,4.03
Global_Integrity848,4.04
Global_Integrity181,4.05
Global_Integrity239,4.06
Global_Integrity174,4.07
Global_Integrity256,4.08
Global_Integrity464,4.09
Global_Integrity481,4.1
Global_Integrity572,4.11
Global_Integrity625,4.12
Global_Integrity559,4.13
Global_Integrity1078,4.14
Global_Integrity1194,4.15
Global_Integrity1229,4.16
Global_Integrity1231,4.17
Global_Integrity1195,4.18
Global_Integrity48,4.19
Global_Integrity1309,4.2
Global_Integrity121,4.21
Global_Integrity149,4.22
Global_Integrity182,4.23
Global_Integrity143,4.24
Global_Integrity175,4.25
Global_Integrity90,4.26
Global_Integrity108,4.27
Global_Integrity119,4.28
Global_Integrity290,4.29
Global_Integrity316,4.3
Global_Integrity362,4.31
Global_Integrity507,4.32
Global_Integrity590,4.33
Global_Integrity585,4.34
Global_Integrity1142,4.35
Global_Integrity1233,4.36
Global_Integrity1277,4.37
Global_Integrity1140,4.38
Global_Integrity1232,4.39
Global_Integrity1276,4.4
Global_Integrity7,4.41
Global_Integrity9,4.42
Global_Integrity8,4.43
Global_Integrity560,4.44
Global_Integrity951,4.45
Global_Integrity562,4.46
Global_Integrity954,4.47
Global_Integrity561,4.48
Global_Integrity953,4.49
Global_Integrity781,4.5
Global_Integrity56,4.51
Global_Integrity72,4.52
Global_Integrity1315,4.53
Global_Integrity61,4.54
Global_Integrity78,4.55
Global_Integrity1318,4.56
Global_Integrity58,4.57
Global_Integrity76,4.58
Global_Integrity1316,4.59
Global_Integrity536,4.6
Global_Integrity617,4.61
Global_Integrity641,4.62
Global_Integrity685,4.63
Global_Integrity297,4.64
Global_Integrity1234,4.65
Global_Integrity1014,4.66
Global_Integrity788,4.67
Global_Integrity1252,4.68
Global_Integrity307,4.69
Global_Integrity46,4.7
Global_Integrity1307,4.71
Global_Integrity1157,4.72
Global_Integrity1241,4.73
Global_Integrity1284,4.74
Global_Integrity1207,4.75
Global_Integrity1282,4.76
Global_Integrity1301,4.77
Global_Integrity1273,4.78
Global_Integrity1236,4.79
Global_Integrity771,4.8
Global_Integrity839,4.81
Global_Integrity663,4.82
Global_Integrity769,4.83
Global_Integrity243,4.84
Global_Integrity520,4.85
Global_Integrity415,4.86
Global_Integrity451,4.87
Global_Integrity497,4.88
Global_Integrity343,4.89
Global_Integrity393,4.9
Global_Integrity442,4.91
Global_Integrity1130,4.92
Global_Integrity1223,4.93
Global_Integrity1267,4.94
Global_Integrity475,4.95
Global_Integrity534,4.96
Global_Integrity371,4.97
Global_Integrity6,4.98
Global_Integrity333,4.99
Global_Integrity396,5
Global_Integrity399,5.01
Global_Integrity200,5.02
Global_Integrity244,5.03
Global_Integrity50,5.04
Global_Integrity1310,5.05
Global_Integrity274,5.06
Global_Integrity595,5.07
Global_Integrity681,5.08
Global_Integrity736,5.09
Global_Integrity702,5.1
Global_Integrity874,5.11
Global_Integrity808,5.12
Global_Integrity483,5.13
Global_Integrity91,5.14
Global_Integrity646,5.15
Global_Integrity416,5.16
Global_Integrity433,5.17
Global_Integrity498,5.18
Global_Integrity574,5.19
Global_Integrity861,5.2
Global_Integrity1242,5.21
Global_Integrity144,5.22
Global_Integrity812,5.23
Global_Integrity851,5.24
Global_Integrity893,5.25
Global_Integrity965,5.26
Global_Integrity1050,5.27
Global_Integrity1171,5.28
Global_Integrity1178,5.29
Global_Integrity1161,5.3
Global_Integrity1192,5.31
Global_Integrity1245,5.32
Global_Integrity821,5.33
Global_Integrity857,5.34
Global_Integrity902,5.35
Global_Integrity940,5.36
Global_Integrity991,5.37
Global_Integrity1176,5.38
Global_Integrity145,5.39
Global_Integrity755,5.4
Global_Integrity1190,5.41
Global_Integrity1036,5.42
Global_Integrity1039,5.43
Global_Integrity1029,5.44
Global_Integrity746,5.45
Global_Integrity1038,5.46
Global_Integrity1037,5.47
Global_Integrity1018,5.48
Global_Integrity1020,5.49
Global_Integrity130,5.5
Global_Integrity158,5.51
Global_Integrity132,5.52
Global_Integrity161,5.53
Global_Integrity819,5.54
Global_Integrity855,5.55
Global_Integrity875,5.56
Global_Integrity900,5.57
Global_Integrity924,5.58
Global_Integrity937,5.59
Global_Integrity967,5.6
Global_Integrity987,5.61
Global_Integrity1052,5.62
Global_Integrity1174,5.63
Global_Integrity1065,5.64
Global_Integrity1070,5.65
Global_Integrity1047,5.66
Global_Integrity1158,5.67
Global_Integrity1215,5.68
Global_Integrity1147,5.69
Global_Integrity1206,5.7
Global_Integrity1150,5.71
Global_Integrity1210,5.72
Global_Integrity1143,5.73
Global_Integrity1199,5.74
Global_Integrity1149,5.75
Global_Integrity1209,5.76
Global_Integrity1148,5.77
Global_Integrity1208,5.78
Global_Integrity456,5.79
Global_Integrity717,5.8
Global_Integrity390,5.81
Global_Integrity552,5.82
Global_Integrity894,5.83
Global_Integrity941,5.84
Global_Integrity908,5.85
Global_Integrity946,5.86
Global_Integrity903,5.87
Global_Integrity944,5.88
Global_Integrity901,5.89
Global_Integrity943,5.9
Global_Integrity245,5.91
Global_Integrity275,5.92
Global_Integrity322,5.93
Global_Integrity253,5.94
Global_Integrity285,5.95
Global_Integrity330,5.96
Global_Integrity484,5.97
Global_Integrity575,5.98
Global_Integrity629,5.99
Global_Integrity728,6
Global_Integrity632,6.01
Global_Integrity732,6.02
Global_Integrity813,6.03
Global_Integrity920,6.04
Global_Integrity984,6.05
Global_Integrity1017,6.06
Global_Integrity988,6.07
Global_Integrity1019,6.08
Global_Integrity269,6.09
Global_Integrity976,6.1
Global_Integrity1068,6.11
Global_Integrity975,6.12
Global_Integrity1066,6.13
Global_Integrity1031,6.14
Global_Integrity1087,6.15
Global_Integrity1030,6.16
Global_Integrity1084,6.17
Global_Integrity823,6.18
Global_Integrity859,6.19
Global_Integrity905,6.2
Global_Integrity754,6.21
Global_Integrity906,6.22
Global_Integrity945,6.23
Global_Integrity863,6.24
Global_Integrity911,6.25
Global_Integrity23,6.26
Global_Integrity1308,6.27
Global_Integrity18,6.28
Global_Integrity1254,6.29
Global_Integrity1096,6.3
Global_Integrity14,6.31
Global_Integrity1097,6.32
Global_Integrity40,6.33
Global_Integrity368,6.34
Global_Integrity4,6.35
Global_Integrity777,6.36
Global_Integrity1224,6.37
Global_Integrity1221,6.38
Global_Integrity59,6.39
Global_Integrity1235,6.4
Global_Integrity22,6.41
Global_Integrity1306,6.42
Global_Integrity64,6.43
Global_Integrity96,6.44
Global_Integrity97,6.45
Global_Integrity1257,6.46
Global_Integrity25,6.47
Global_Integrity1317,6.48
Global_Integrity531,6.49
Global_Integrity615,6.5
Global_Integrity683,6.51
Global_Integrity809,6.52
Global_Integrity890,6.53
Global_Integrity1164,6.54
Global_Integrity1032,6.55
Global_Integrity1145,6.56
Global_Integrity1202,6.57
Global_Integrity891,6.58
Global_Integrity938,6.59
Global_Integrity733,6.6
Global_Integrity849,6.61
Global_Integrity895,6.62
Global_Integrity1278,6.63
Global_Integrity1297,6.64
Global_Integrity535,6.65
Global_Integrity616,6.66
Global_Integrity684,6.67
Global_Integrity1200,6.68
Global_Integrity608,6.69
Global_Integrity716,6.7
Global_Integrity797,6.71
Global_Integrity602,6.72
Global_Integrity712,6.73
Global_Integrity791,6.74
Global_Integrity605,6.75
Global_Integrity714,6.76
Global_Integrity794,6.77
Global_Integrity1271,6.78
Global_Integrity1294,6.79
Global_Integrity1268,6.8
Global_Integrity1293,6.81
Global_Integrity438,6.82
Global_Integrity503,6.83
Global_Integrity577,6.84
Global_Integrity172,6.85
Global_Integrity228,6.86
Global_Integrity266,6.87
Global_Integrity249,6.88
Global_Integrity168,6.89
Global_Integrity225,6.9
Global_Integrity263,6.91
Global_Integrity246,6.92
Global_Integrity176,6.93
Global_Integrity231,6.94
Global_Integrity251,6.95
Global_Integrity1187,6.96
Global_Integrity146,6.97
Global_Integrity177,6.98
Global_Integrity430,6.99
Global_Integrity448,7
Global_Integrity516,7.01
Global_Integrity586,7.02
Global_Integrity864,7.03
Global_Integrity912,7.04
Global_Integrity737,7.05
Global_Integrity852,7.06
Global_Integrity898,7.07
Global_Integrity858,7.08
Global_Integrity907,7.09
Global_Integrity743,7.1
Global_Integrity856,7.11
Global_Integrity904,7.12
Global_Integrity729,7.13
Global_Integrity847,7.14
Global_Integrity892,7.15
Global_Integrity850,7.16
Global_Integrity305,7.17
Global_Integrity286,7.18
Global_Integrity554,7.19
Global_Integrity639,7.2
Global_Integrity705,7.21
Global_Integrity289,7.22
Global_Integrity315,7.23
Global_Integrity361,7.24
Global_Integrity474,7.25
Global_Integrity532,7.26
Global_Integrity342,7.27
Global_Integrity392,7.28
Global_Integrity441,7.29
Global_Integrity553,7.3
Global_Integrity636,7.31
Global_Integrity704,7.32
Global_Integrity288,7.33
Global_Integrity314,7.34
Global_Integrity360,7.35
Global_Integrity341,7.36
Global_Integrity391,7.37
Global_Integrity440,7.38
Global_Integrity473,7.39
Global_Integrity529,7.4
Global_Integrity555,7.41
Global_Integrity642,7.42
Global_Integrity706,7.43
Global_Integrity120,7.44
Global_Integrity1246,7.45
Global_Integrity1287,7.46
Global_Integrity550,7.47
Global_Integrity1165,7.48
Global_Integrity825,7.49
Global_Integrity939,7.5
Global_Integrity989,7.51
Global_Integrity871,7.52
Global_Integrity936,7.53
Global_Integrity985,7.54
Global_Integrity499,7.55
Global_Integrity403,7.56
Global_Integrity434,7.57
Global_Integrity140,7.58
Global_Integrity169,7.59
Global_Integrity495,7.6
Global_Integrity400,7.61
Global_Integrity1265,7.62
Global_Integrity1258,7.63
Global_Integrity26,7.64
Global_Integrity1319,7.65
Global_Integrity62,7.66
Global_Integrity470,7.67
Global_Integrity487,7.68
Global_Integrity578,7.69
Global_Integrity173,7.7
Global_Integrity170,7.71
Global_Integrity180,7.72
Global_Integrity237,7.73
Global_Integrity178,7.74
Global_Integrity234,7.75
Global_Integrity268,7.76
Global_Integrity267,7.77
Global_Integrity255,7.78
Global_Integrity254,7.79
Global_Integrity1280,7.8
Global_Integrity1299,7.81
Global_Integrity148,7.82
Global_Integrity1180,7.83
Global_Integrity1040,7.84
Global_Integrity1022,7.85
Global_Integrity1021,7.86
Global_Integrity134,7.87
Global_Integrity163,7.88
Global_Integrity1074,7.89
Global_Integrity1072,7.9
Global_Integrity1204,7.91
Global_Integrity1151,7.92
Global_Integrity1211,7.93
Global_Integrity969,7.94
Global_Integrity1055,7.95
Global_Integrity968,7.96
Global_Integrity1054,7.97
Global_Integrity611,7.98
Global_Integrity718,7.99
Global_Integrity798,8
Global_Integrity458,8.01
Global_Integrity509,8.02
Global_Integrity457,8.03
Global_Integrity508,8.04
Global_Integrity533,8.05
Global_Integrity530,8.06
Global_Integrity423,8.07
Global_Integrity422,8.08
Global_Integrity325,8.09
Global_Integrity354,8.1
Global_Integrity417,8.11
Global_Integrity252,8.12
Global_Integrity283,8.13
Global_Integrity329,8.14
Global_Integrity326,8.15
Global_Integrity752,8.16
Global_Integrity862,8.17
Global_Integrity910,8.18
Global_Integrity749,8.19
Global_Integrity860,8.2
Global_Integrity909,8.21
Global_Integrity472,8.22
Global_Integrity488,8.23
Global_Integrity579,8.24
Global_Integrity633,8.25
Global_Integrity21,8.26
Global_Integrity1260,8.27
Global_Integrity20,8.28
Global_Integrity1259,8.29
Global_Integrity49,8.3
Global_Integrity1104,8.31
Global_Integrity47,8.32
Global_Integrity1102,8.33
Global_Integrity17,8.34
Global_Integrity1105,8.35
Global_Integrity16,8.36
Global_Integrity1103,8.37
Global_Integrity1162,8.38
Global_Integrity1243,8.39
Global_Integrity1285,8.4
1229-IPD-a3550,8.41
1055-IPD-a3050,8.42
1225-IPD-a3070,8.43
1316-IPD-a6051,8.44
1315-IPD-a6050,8.45
373-IPD-d1010,8.46
1248-IPD-a5010,8.47
252-IPD-a3080,8.48
581-IPD-a3080,8.49
315-IPD-a1010,8.5
645-IPD-a1010,8.51
197-IPD-a6030,8.52
520-IPD-a6030,8.53
314-IPD-a1011,8.54
644-IPD-a1011,8.55
1258-IPD-a5020,8.56
Global_Integrity1057,8.57
Global_Integrity1025,8.58
Global_Integrity1196,8.59
Global_Integrity491,8.6
Global_Integrity916,8.61
Global_Integrity981,8.62
Global_Integrity1015,8.63
Global_Integrity124,8.64
Global_Integrity137,8.65
Global_Integrity152,8.66
Global_Integrity259,8.67
Global_Integrity334,8.68
Global_Integrity260,8.69
Global_Integrity961,8.7
Global_Integrity1043,8.71
Global_Integrity1126,8.72
Global_Integrity1262,8.73
Global_Integrity1183,8.74
Global_Integrity1238,8.75
Global_Integrity1291,8.76
Global_Integrity512,8.77
Global_Integrity619,8.78
Global_Integrity666,8.79
Global_Integrity461,8.8
Global_Integrity478,8.81
Global_Integrity620,8.82
Global_Integrity1153,8.83
Global_Integrity52,8.84
Global_Integrity720,8.85
Global_Integrity842,8.86
Global_Integrity886,8.87
Global_Integrity667,8.88
Global_Integrity789,8.89
Global_Integrity843,8.9
Global_Integrity621,8.91
Global_Integrity721,8.92
Global_Integrity800,8.93
Global_Integrity53,8.94
Global_Integrity81,8.95
Global_Integrity82,8.96
Global_Integrity801,8.97
Global_Integrity887,8.98
Global_Integrity933,8.99
Global_Integrity867,9
Global_Integrity934,9.01
Global_Integrity982,9.02
Global_Integrity68,9.03
Global_Integrity100,9.04
Global_Integrity1058,9.05
Global_Integrity1218,9.06
Global_Integrity598,9.07
Global_Integrity710,9.08
Global_Integrity1002,9.09
Global_Integrity1154,9.1
Global_Integrity1335,9.11
201-IPD-a6020,9.12
524-IPD-a6020,9.13
Global_Integrity957,9.14
Global_Indicators87,9.15
1066-IPD-a3092,9.16
1074-IPD-a3102,9.17
1073-IPD-a3101,9.18
1241-IPD-a5003,9.19
Global_Integrity1361,9.2
Global_Integrity958,9.21
Global_Integrity1348,9.22
Global_Integrity1333,9.23
102-IPU-Number.of.women.parliamentarians,9.24
179-IPU-Percentage.of.women,9.25
25-IPU-Number.of.seats,9.26
154-IPU-Number.of.women.parliamentarians,9.27
231-IPU-Percentage.of.women,9.28
77-IPU-Number.of.seats,9.29
175-IPU-Percentage.of.women,9.3
21-IPU-Number.of.seats,9.31
98-IPU-Number.of.women.parliamentarians,9.32
1246-IPD-a5008,9.33
1238-IPD-a5000,9.34
Global_Integrity30,9.35
1070-IPD-a3096,9.36
1078-IPD-a3106,9.37
Global_Integrity31,9.38
182-IPD-a9022,9.39
505-IPD-a9022,9.4
17-IPU-Number.of.seats,9.41
171-IPU-Percentage.of.women,9.42
94-IPU-Number.of.women.parliamentarians,9.43
161-IPU-Percentage.of.women,9.44
7-IPU-Number.of.seats,9.45
84-IPU-Number.of.women.parliamentarians,9.46
117-IPU-Number.of.women.parliamentarians,9.47
194-IPU-Percentage.of.women,9.48
40-IPU-Number.of.seats,9.49
11-IPU-Number.of.seats,9.5
165-IPU-Percentage.of.women,9.51
88-IPU-Number.of.women.parliamentarians,9.52
143-IPU-Number.of.women.parliamentarians,9.53
220-IPU-Percentage.of.women,9.54
66-IPU-Number.of.seats,9.55
128-IPU-Number.of.women.parliamentarians,9.56
205-IPU-Percentage.of.women,9.57
51-IPU-Number.of.seats,9.58
255-IPD-a3070,9.59
584-IPD-a3070,9.6
254-IPD-a3071,9.61
583-IPD-a3071,9.62
Global_Integrity1325,9.63
147-IPU-Number.of.women.parliamentarians,9.64
224-IPU-Percentage.of.women,9.65
70-IPU-Number.of.seats,9.66
Global_Integrity782,9.67
Global_Integrity1350,9.68
135-IPU-Number.of.women.parliamentarians,9.69
212-IPU-Percentage.of.women,9.7
58-IPU-Number.of.seats,9.71
158-IPU-Percentage.of.women,9.72
4-IPU-Number.of.seats,9.73
81-IPU-Number.of.women.parliamentarians,9.74
100-IPU-Number.of.women.parliamentarians,9.75
177-IPU-Percentage.of.women,9.76
23-IPU-Number.of.seats,9.77
Global_Integrity187,9.78
Global_Integrity1364,9.79
Global_Integrity1365,9.8
316-IPD-a1003,9.81
646-IPD-a1003,9.82
Global_Integrity785,9.83
151-IPU-Number.of.women.parliamentarians,9.84
228-IPU-Percentage.of.women,9.85
74-IPU-Number.of.seats,9.86
157-IPU-Percentage.of.women,9.87
3-IPU-Number.of.seats,9.88
80-IPU-Number.of.women.parliamentarians,9.89
999-IPD-a1004,9.9
1161-IPD-a1002,9.91
15-WJP-Total,9.92
146-IPU-Number.of.women.parliamentarians,9.93
223-IPU-Percentage.of.women,9.94
69-IPU-Number.of.seats,9.95
126-IPU-Number.of.women.parliamentarians,9.96
203-IPU-Percentage.of.women,9.97
49-IPU-Number.of.seats,9.98
115-IPU-Number.of.women.parliamentarians,9.99
192-IPU-Percentage.of.women,10
38-IPU-Number.of.seats,10.01
Global_Integrity1329,10.02
Global_Integrity193,10.03
1072-IPD-a3100,10.04
1252-IPD-a5014,10.05
Global_Integrity1330,10.06
1004-IPD-a1021,10.07
1003-IPD-a1020,10.08
Global_Integrity1349,10.09
1341-IPD-a8032,10.1
1339-IPD-a8030,10.11
1342-IPD-a8033,10.12
1340-IPD-a8031,10.13
1243-IPD-a5005,10.14
Global_Integrity566,10.15
1076-IPD-a3104,10.16
Global_Integrity1324,10.17
Global_Integrity32,10.18
Global_Integrity775,10.19
Global_Integrity33,10.2
1244-IPD-a5006,10.21
1077-IPD-a3105,10.22
1250-IPD-a5012,10.23
317-IPD-a1002,10.24
647-IPD-a1002,10.25
1261-IPD-a504,10.26
411-IPD-b8020,10.27
88-IPD-b8020,10.28
410-IPD-b8021,10.29
87-IPD-b8021,10.3
412-IPD-b8011,10.31
89-IPD-b8011,10.32
196-IPD-a6031,10.33
519-IPD-a6031,10.34
329-IPD-d9052,10.35
330-IPD-d9051,10.36
331-IPD-d9050,10.37
247-IIAG-Total,10.38
Global_Integrity1359,10.39
Global_Integrity1360,10.4
1224-IPD-a307,10.41
136-IPU-Number.of.women.parliamentarians,10.42
213-IPU-Percentage.of.women,10.43
59-IPU-Number.of.seats,10.44
163-IPU-Percentage.of.women,10.45
86-IPU-Number.of.women.parliamentarians,10.46
9-IPU-Number.of.seats,10.47
1314-IPD-a605,10.48
967-IPD-b7011,10.49
966-IPD-b7010,10.5
902-IPD-b7012,10.51
901-IPD-b7011,10.52
900-IPD-b7010,10.53
141-IPU-Number.of.women.parliamentarians,10.54
218-IPU-Percentage.of.women,10.55
64-IPU-Number.of.seats,10.56
1253-IPD-a5015,10.57
1242-IPD-a5004,10.58
133-IPU-Number.of.women.parliamentarians,10.59
210-IPU-Percentage.of.women,10.6
56-IPU-Number.of.seats,10.61
138-IPU-Number.of.women.parliamentarians,10.62
215-IPU-Percentage.of.women,10.63
61-IPU-Number.of.seats,10.64
129-IPU-Number.of.women.parliamentarians,10.65
206-IPU-Percentage.of.women,10.66
52-IPU-Number.of.seats,10.67
Global_Integrity1354,10.68
Global_Integrity783,10.69
Global_Integrity1351,10.7
122-IPU-Number.of.women.parliamentarians,10.71
199-IPU-Percentage.of.women,10.72
45-IPU-Number.of.seats,10.73
Global_Integrity1352,10.74
Global_Integrity784,10.75
107-IPU-Number.of.women.parliamentarians,10.76
184-IPU-Percentage.of.women,10.77
30-IPU-Number.of.seats,10.78
109-IPU-Number.of.women.parliamentarians,10.79
186-IPU-Percentage.of.women,10.8
32-IPU-Number.of.seats,10.81
123-IPU-Number.of.women.parliamentarians,10.82
200-IPU-Percentage.of.women,10.83
46-IPU-Number.of.seats,10.84
1289-IPD-a514,10.85
Global_Indicators79,10.86
144-IPU-Number.of.women.parliamentarians,10.87
221-IPU-Percentage.of.women,10.88
67-IPU-Number.of.seats,10.89
Global_Integrity1326,10.9
Global_Integrity191,10.91
1364-IPD-a9060,10.92
Global_Integrity1343,10.93
Global_Integrity564,10.94
7-BTI-Total,1.01
32-WJP-Total,1.02
33-WGI-Rank,2.01
36-WGI-Estimate,2.01
62-BTI-Total,2.02
181-IIAG-Total,2.03
PFI1,2.04
PFI2,2.04
65-SGI-Total,2.05
176-SGI-Total,2.06
32-SGI-Total,2.07
31-WJP-Total,2.08
35-WJP-Total,2.09
31-WGI-Upper,Drop
32-WGI-Lower,Drop
35-WGI-StdErr,Drop
1-SGI-Total,3.01
95-SGI-Total,3.02
128-SGI-Total,3.03
139-SGI-Total,3.04
93-SGI-Total,3.05
96-SGI-Total,3.06
175-SGI-Total,3.07
177-SGI-Total,3.08
178-SGI-Total,3.09
6-SGI-Total,3.1
7-SGI-Total,3.11
22-SGI-Total,3.12
39-SGI-Total,3.13
227-IIAG-Total,3.14
Global_Indicators86,3.15
Global_Indicators85,3.16
PAM1,3.17
Global_Indicators80,3.18
PAM2,3.19
PAM3,3.2
PAM4,3.21
PAM5,3.22
PAM6,3.23
Global_Indicators72,3.24
Global_Indicators73,3.25
Global_Indicators33,3.26
IBP1,3.27
IBP2,3.28
IBP9,3.29
IBP3,3.3
IBP4,3.31
Global_Indicators43,3.32
IBP5,3.33
Global_Indicators3,3.34
IBP6,3.35
IBP7,3.36
IBP8,3.37
Global_Indicators44,3.38
Global_Indicators8,3.39
1054-IPD-a3041,3.4
1053-IPD-a3040,3.41
Global_Indicators20,3.42
Global_Indicators71,3.43
Global_Indicators13,3.44
63-BTI-Total,3.45
1044-IPD-a3004,3.46
IBP10,3.47
Global_Indicators84,3.48
Global_Indicators32,3.49
Global_Indicators41,3.5
57-BTI-Total,3.51
1002-IPD-a1012,3.52
25-BTI-Total,3.53
PAM7,3.54
PAM8,3.55
1172-IPD-a102,3.56
PAM9,3.57
PAM10,3.58
PAM11,3.59
Global_Indicators50,3.6
PAM12,3.61
1174-IPD-a1021,3.62
Global_Indicators25,3.63
Global_Indicators55,3.64
Global_Indicators26,3.65
Global_Indicators56,3.66
IBP11,3.67
IBP12,3.68
IBP13,3.69
IBP14,3.7
IBP15,3.71
IBP17,3.72
IBP16,3.73
Global_Indicators60,3.74
Global_Indicators15,3.75
Global_Indicators21,3.76
Global_Indicators48,3.77
Global_Indicators35,3.78
Global_Indicators42,3.79
IBP18,3.8
IBP19,3.81
IBP20,3.82
IBP21,3.83
IBP22,3.84
IBP23,3.85
IBP24,3.86
IBP25,3.87
IBP27,3.88
IBP28,3.89
IBP29,3.9
IBP30,3.91
IBP32,3.92
IBP31,3.93
IBP26,3.94
IBP151,3.95
IBP152,3.96
IBP33,3.97
IBP34,3.98
IBP35,3.99
IBP36,3.101
IBP37,3.102
IBP153,3.103
IBP39,3.104
IBP42,3.105
IBP38,3.106
IBP40,3.107
IBP41,3.108
IBP43,3.109
IBP44,3.48
IBP45,3.111
IBP48,3.112
IBP49,3.113
IBP50,3.114
IBP51,3.115
IBP52,3.116
IBP54,3.117
IBP56,3.118
IBP57,3.119
IBP58,3.481
IBP59,3.121
IBP60,3.122
IBP61,3.123
IBP62,3.124
IBP63,3.125
IBP64,3.126
IBP46,3.127
IBP66,3.128
IBP67,3.129
IBP68,3.482
IBP69,3.131
IBP70,3.132
IBP71,3.133
IBP72,3.134
IBP77,3.135
IBP78,3.136
IBP79,3.137
IBP80,3.138
IBP81,3.139
IBP82,3.483
IBP83,3.141
IBP84,3.142
IBP85,3.143
IBP86,3.144
IBP87,3.145
IBP88,3.146
IBP89,3.147
IBP90,3.148
IBP91,3.149
IBP92,3.15
IBP93,3.151
IBP94,3.152
IBP95,3.153
IBP96,3.154
IBP98,3.155
IBP99,3.156
IBP100,3.157
IBP101,3.158
IBP102,3.159
IBP103,3.16
IBP104,3.161
IBP105,3.162
IBP106,3.163
IBP107,3.164
IBP108,3.165
IBP109,3.166
IBP110,3.167
IBP111,3.168
IBP47,3.169
IBP53,3.17
IBP55,3.171
IBP73,3.172
IBP74,3.173
IBP75,3.174
IBP76,3.175
IBP97,3.176
IBP154,3.177
IBP155,3.178
IBP156,3.179
IBP157,3.18
IBP158,3.181
IBP159,3.182
IBP161,3.183
IBP162,3.184
IBP163,3.185
IBP160,3.186
IBP164,3.187
IBP165,3.188
IBP166,3.189
IBP168,3.19
IBP167,3.191
Global_Indicators17,3.192
IBP169,3.193
IBP170,3.194
IBP173,3.195
IBP171,3.196
IBP172,3.197
IBP112,3.198
IBP113,3.199
IBP114,3.2
IBP115,3.201
IBP116,3.202
IBP117,3.203
IBP118,3.204
IBP119,3.205
IBP120,3.206
IBP121,3.207
IBP122,3.208
IBP123,3.209
IBP124,3.21
IBP125,3.211
IBP126,3.212
IBP174,3.213
IBP127,3.214
IBP128,3.215
IBP129,3.216
IBP130,3.217
IBP175,3.218
IBP131,3.219
IBP177,3.22
IBP132,3.221
IBP133,3.222
IBP134,3.223
IBP135,3.224
IBP136,3.225
IBP137,3.226
IBP138,3.227
IBP139,3.228
IBP140,3.229
IBP141,3.23
IBP142,3.231
IBP143,3.232
IBP144,3.233
IBP145,3.234
IBP146,3.235
IBP147,3.236
IBP148,3.237
IBP149,3.238
IBP150,3.239
PAM13,3.24
PAM14,3.241
PAM15,3.242
PAM16,3.243
1170-IPD-a151,3.244
1162-IPD-a150,3.245
1191-IPD-a350,3.246
PAM17,3.247
PAM18,3.248
PAM19,3.249
Global_Indicators63,3.25
1011-IPD-a1041,3.251
1041-IPD-a3001,3.252
PAM22,3.253
PAM20,3.254
PAM21,3.255
IBP178,3.256
1329-IPD-a800,3.257
30-WJP-Total,3.258
304-IPD-a1042,3.259
634-IPD-a1042,3.26
1136-IPD-a8004,3.261
189-IPD-a8011,3.262
512-IPD-a8011,3.263
1134-IPD-a8002,3.264
190-IPD-a8010,3.265
513-IPD-a8010,3.266
1135-IPD-a8003,3.267
29-WJP-Total,3.268
309-IPD-a1031,3.269
639-IPD-a1031,3.27
1007-IPD-a1032,3.271
1167-IPD-a1012,3.272
310-IPD-a1030,3.273
640-IPD-a1030,3.274
1006-IPD-a1031,3.275
1166-IPD-a1011,3.276
193-IPD-a8000,3.277
516-IPD-a8000,3.278
191-IPD-a8002,3.279
514-IPD-a8002,3.28
306-IPD-a1040,3.281
636-IPD-a1040,3.282
249-IPD-a3092,3.283
578-IPD-a3092,3.284
1068-IPD-a3094,3.285
247-IPD-a3094,3.286
576-IPD-a3094,3.287
250-IPD-a3091,3.288
579-IPD-a3091,3.289
251-IPD-a3090,3.29
580-IPD-a3090,3.291
248-IPD-a3093,3.292
577-IPD-a3093,3.293
1069-IPD-a3095,3.294
192-IPD-a8001,3.295
515-IPD-a8001,3.296
28-WJP-Total,3.297
138-IIAG-Total,3.298
9-CPIA-Total,3.299
305-IPD-a1041,3.3
635-IPD-a1041,3.301
1040-IPD-a3000,3.302
Global_Indicators49,3.303
PAM23,3.304
IBP180,3.305
IBP181,3.306
IBP182,3.307
IBP183,3.308
IBP184,3.309
IBP179,3.31
IBP185,3.311
IBP186,3.312
IBP187,3.313
IBP188,3.314
IBP189,3.315
IBP190,3.316
IBP191,3.317
IBP192,3.318
IBP193,3.319
IBP194,3.32
Global_Indicators68,3.321
IBP195,3.322
IBP196,3.323
Global_Indicators16,3.324
Global_Indicators66,3.325
Global_Indicators64,3.326
Global_Indicators67,3.327
Global_Indicators65,3.328
Global_Indicators62,3.329
IBP206,3.33
IBP201,3.331
IBP202,3.332
IBP203,3.333
IBP204,3.334
IBP205,3.335
IBP207,3.336
IBP208,3.337
IBP209,3.338
IBP210,3.339
IBP197,3.34
IBP198,3.341
IBP199,3.342
IBP200,3.343
1171-IPD-a1510,3.344
1192-IPD-a3500,3.345
1163-IPD-a1500,3.346
IBP211,3.347
PAM24,3.348
948-IPD-b602,3.349
947-IPD-b601,3.35
946-IPD-b600,3.351
PAM25,3.352
51-BTI-Total,3.353
IBP212,3.354
1046-IPD-a3010,3.355
271-IPD-a3010,3.356
602-IPD-a3010,3.357
270-IPD-a3011,3.358
601-IPD-a3011,3.359
Global_Indicators19,3.36
1268-IPD-a5070,3.361
Global_Indicators29,3.362
IBP213,3.363
IBP214,3.364
IBP215,3.365
IBP216,3.366
277-IPD-a3000,3.367
608-IPD-a3000,3.368
1045-IPD-a3005,3.369
Global_Indicators59,3.37
Global_Indicators30,3.371
Global_Indicators70,3.372
Global_Indicators18,3.373
Global_Indicators82,3.374
Global_Indicators34,3.375
Global_Indicators2,3.376
Global_Indicators31,3.377
Global_Indicators47,3.378
PAM26,3.379
PAM27,3.38
PAM28,3.381
905-IPD-b7040,3.382
990-IPD-b7100,3.383
906-IPD-b7041,3.384
PAM29,3.385
1000-IPD-a1010,3.386
IBP218,3.387
68-BTI-Total,3.388
PAM30,3.389
Global_Indicators4,3.39
Global_Indicators5,3.391
Global_Indicators36,3.392
Global_Indicators52,3.393
Global_Indicators9,3.394
Global_Indicators10,3.395
Global_Indicators22,3.396
Global_Indicators23,3.397
Global_Indicators37,3.398
Global_Indicators53,3.399
571-IPD-a3104,3.4
574-IPD-a3101,3.401
575-IPD-a3100,3.402
573-IPD-a3102,3.403
572-IPD-a3103,3.404
PAM31,3.405
Global_Indicators83,3.406
313-IPD-a1020,3.407
643-IPD-a1020,3.408
1159-IPD-a100,3.409
25-WGI-Upper,3.41
26-WGI-Lower,3.411
27-WGI-Rank,3.412
29-WGI-StdErr,3.413
30-WGI-Estimate,3.414
311-IPD-a1022,3.415
641-IPD-a1022,3.416
312-IPD-a1021,3.417
642-IPD-a1021,3.418
Global_Indicators6,3.419
Global_Indicators11,3.42
Global_Indicators24,3.421
Global_Indicators54,3.422
PAM32,3.423
1173-IPD-a1020,3.424
1164-IPD-a101,3.425
PAM33,3.426
904-IPD-b7030,3.427
Global_Indicators58,3.428
PAM34,3.429
PAM35,3.43
650-IPD-d1010,3.431
159-IIAG-Total,3.432
Global_Indicators45,3.433
PAM36,3.434
47-BTI-Total,3.435
Global_Indicators46,3.436
1012-IPD-a1042,3.437
34-WJP-Total,3.438
Global_Indicators74,3.439
Global_Indicators38,3.44
Global_Indicators76,3.441
Global_Indicators77,3.442
Global_Indicators39,3.443
Global_Indicators75,3.444
1001-IPD-a1011,3.445
1190-IPD-a301,3.446
858-IPD-b3030,3.447
1189-IPD-a300,3.448
1267-IPD-a507,3.449
261-IPD-a3040,3.45
592-IPD-a3040,3.451
IBP219,3.452
IBP220,3.453
IBP221,3.454
IBP222,3.455
IBP223,3.456
IBP224,3.457
IBP225,3.458
IBP226,3.459
IBP227,3.46
IBP228,3.461
IBP229,3.462
IBP230,3.463
IBP231,3.464
IBP232,3.465
IBP233,3.466
IBP234,3.467
IBP235,3.468
IBP236,3.469
IBP237,3.47
IBP238,3.471
IBP239,3.472
IBP240,3.473
IBP241,3.474
IBP242,3.475
IBP243,3.476
IBP245,3.477
PAM37,3.478
PAM38,3.479
2-CPIA-Total,1.01
ES10,1.02
13-CPIA-Total,2.01
158-IPD-b3000,2.02
481-IPD-b3000,2.02
950-IPD-b603,2.03
968-IPD-b702,2.04
100-IIAG-Total,2.05
413-IPD-b8010,2.06
155-IPD-b3020,2.07
478-IPD-b3020,2.07
17-SGI-Total,2.08
154-SGI-Total,3.01
160-SGI-Total,3.02
171-SGI-Total,3.03
41-SGI-Total,3.04
43-SGI-Total,3.05
83-SGI-Total,3.06
57-GCI-Value,3.07
58-GCI-Rank,3.08
918-IPD-b300,3.09
919-IPD-b3000,3.1
956-IPD-b605,3.11
1323-IPD-a607,3.12
206-IPD-a6001,3.13
529-IPD-a6001,3.14
888-IPD-b6081,3.15
887-IPD-b6080,3.16
953-IPD-b604,3.17
1221-IPD-a306,3.18
1223-IPD-a3061,3.19
1222-IPD-a3060,3.2
1320-IPD-a6060,3.21
1126-IPD-a6030,3.22
ES11,3.23
ES22,3.24
ES119,3.25
120-IPD-b6003,3.26
443-IPD-b6003,3.27
121-IPD-b6002,3.28
444-IPD-b6002,3.29
205-IPD-a6002,3.3
528-IPD-a6002,3.31
204-IPD-a6003,3.32
527-IPD-a6003,3.33
1301-IPD-a6012,3.34
1300-IPD-a6011,3.35
1116-IPD-a6001,3.36
1117-IPD-a6002,3.37
965-IPD-b701,3.38
964-IPD-b700,3.39
47-GCI-Value,3.4
48-GCI-Rank,3.41
105-DB-Total,3.42
104-DB-Total,3.43
106-DB-Total,3.44
108-DB-Total,3.45
107-DB-Total,3.46
109-DB-Total,3.47
113-IPD-b6030,3.48
436-IPD-b6030,3.49
112-IPD-b6040,3.5
435-IPD-b6040,3.51
1304-IPD-a6020,3.52
886-IPD-b6071,3.53
885-IPD-b6070,3.54
167-GCI-Value,3.55
168-GCI-Rank,3.56
157-IPD-b3001,3.57
480-IPD-b3001,3.58
854-IPD-b3010,3.59
1115-IPD-a6000,3.6
1299-IPD-a6010,3.61
1327-IPD-a650,3.62
1296-IPD-a6000,3.63
1127-IPD-a6031,3.64
1322-IPD-a6062,3.65
1303-IPD-a602,3.66
1131-IPD-a6060,3.67
1326-IPD-a6072,3.68
1118-IPD-a6003,3.69
1302-IPD-a6013,3.7
74-DB-Total,3.71
75-DB-Total,3.72
89-DB-Total,3.73
90-DB-Total,3.74
93-DB-Total,3.75
92-DB-Total,3.76
91-DB-Total,3.77
97-DB-Total,3.78
1311-IPD-a604,3.79
992-IPD-b8002,3.8
1130-IPD-a6050,3.81
1324-IPD-a6070,3.82
1325-IPD-a6071,3.83
1297-IPD-a6001,3.84
881-IPD-b6050,3.85
880-IPD-b6040,3.86
853-IPD-b3000,3.87
1305-IPD-a6021,3.88
1328-IPD-a6500,3.89
115-IPD-b6021,3.9
438-IPD-b6021,3.91
114-IPD-b6022,3.92
437-IPD-b6022,3.93
116-IPD-b6020,3.94
439-IPD-b6020,3.95
879-IPD-b6031,3.96
955-IPD-b6041,3.97
949-IPD-b6020,3.98
119-IPD-b6004,3.99
442-IPD-b6004,3.101
963-IPD-b6072,3.102
962-IPD-b6071,3.103
911-IPD-b8002,3.104
104-IPD-b6083,3.105
427-IPD-b6083,3.106
105-IPD-b6082,3.107
428-IPD-b6082,3.108
1319-IPD-a606,3.109
207-IPD-a6000,3.205
530-IPD-a6000,3.111
954-IPD-b6040,3.112
878-IPD-b6030,3.113
1321-IPD-a6061,3.114
877-IPD-b6010,3.115
202-IPD-a6011,3.116
525-IPD-a6011,3.117
203-IPD-a6010,3.118
526-IPD-a6010,3.119
90-IPD-b8010,3.206
46-BTI-Total,3.121
55-DB-Total,3.122
59-GCI-Value,3.123
60-GCI-Rank,3.124
882-IPD-b6051,3.125
38-BTI-Total,3.126
109-IPD-b6070,3.127
432-IPD-b6070,3.128
1-GCI-Value,3.129
2-GCI-Rank,3.207
5-GCI-Value,3.131
6-GCI-Rank,3.132
65-DB-Total,3.133
60-DB-Total,3.134
130-IPD-b5010,3.135
453-IPD-b5010,3.136
127-IPD-b5013,3.137
450-IPD-b5013,3.138
128-IPD-b5012,3.139
451-IPD-b5012,3.208
78-DB-Total,3.141
80-DB-Total,3.142
79-DB-Total,3.143
82-DB-Total,3.144
81-DB-Total,3.145
133-IPD-b5000,3.146
456-IPD-b5000,3.147
9-DB-Total,3.148
1310-IPD-a6033,3.149
1121-IPD-a6012,3.15
1309-IPD-a6032,3.151
1120-IPD-a6011,3.152
952-IPD-b6031,3.153
951-IPD-b6030,3.154
1119-IPD-a6010,3.155
1308-IPD-a6031,3.156
1306-IPD-a603,3.157
1298-IPD-a601,3.158
1295-IPD-a600,3.159
BEEPS144,3.16
BEEPS244,3.161
123-IPD-b6000,3.162
446-IPD-b6000,3.163
122-IPD-b6001,3.164
445-IPD-b6001,3.165
120-DB-Total,3.166
117-DB-Total,3.167
126-IPD-b5020,3.168
449-IPD-b5020,3.169
125-IPD-b5021,3.17
448-IPD-b5021,3.171
124-IPD-b5022,3.172
447-IPD-b5022,3.173
117-IPD-b6011,3.174
440-IPD-b6011,3.175
118-IPD-b6010,3.176
441-IPD-b6010,3.177
876-IPD-b6004,3.178
156-IPD-b3010,3.179
479-IPD-b3010,3.18
131-IPD-b5002,3.181
454-IPD-b5002,3.182
132-IPD-b5001,3.183
455-IPD-b5001,3.184
129-IPD-b5011,3.185
452-IPD-b5011,3.186
195-IPD-a6040,3.187
518-IPD-a6040,3.188
194-IPD-a6041,3.189
517-IPD-a6041,3.19
42-DB-Total,3.191
38-DB-Total,3.192
111-IPD-b6050,3.193
434-IPD-b6050,3.194
BEEPS149,3.195
BEEPS249,3.196
BEEPS151,3.197
BEEPS251,3.198
BEEPS152,3.199
BEEPS252,3.2
48-WBL-Total,3.201
47-WBL-Total,3.202
152-WBL-Total,3.203
156-WBL-Total,3.204
50-BTI-Total,1.01
98-SGI-Total,1.02
166-SGI-Total,2.01
69-BTI-Total,2.02
49-BTI-Total,2.03
510-IPD-a9000,2.04
187-IPD-a9000,2.04
531-IPD-a5100,2.05
208-IPD-a5100,2.05
1160-IPD-a1001,3.01
1144-IPD-a9011,3.02
1112-IPD-a5091,3.03
1111-IPD-a5090,3.04
1113-IPD-a5092,3.05
868-IPD-b5002,3.06
1293-IPD-a5150,3.07
914-IPD-b8011,3.08
913-IPD-b8010,3.09
1294-IPD-a5151,3.1
871-IPD-b5012,3.11
870-IPD-b5011,3.12
869-IPD-b5010,3.13
874-IPD-b5022,3.14
872-IPD-b5020,3.15
873-IPD-b5021,3.16
1133-IPD-a8001,3.17
1132-IPD-a8000,3.18
1199-IPD-a303,3.19
1114-IPD-a5100,3.2
1358-IPD-a904,3.21
483-IPD-a9080,3.22
160-IPD-a9080,3.23
482-IPD-a9081,3.24
159-IPD-a9081,3.25
1143-IPD-a9010,3.26
1142-IPD-a9000,3.27
629-IPD-a1070,3.28
299-IPD-a1070,3.29
627-IPD-a1072,3.3
297-IPD-a1072,3.31
628-IPD-a1071,3.32
298-IPD-a1071,3.33
509-IPD-a9010,3.34
186-IPD-a9010,3.35
631-IPD-a1060,3.36
301-IPD-a1060,3.37
630-IPD-a1061,3.38
300-IPD-a1061,3.39
1017-IPD-a1061,3.4
1201-IPD-a3031,3.41
1008-IPD-a1033,3.42
1168-IPD-a1013,3.43
1169-IPD-a1014,3.44
1009-IPD-a1034,3.45
1307-IPD-a6030,3.46
1345-IPD-a9001,3.47
1344-IPD-a9000,3.48
1346-IPD-a9002,3.49
532-IPD-a5092,3.5
209-IPD-a5092,3.51
533-IPD-a5091,3.52
210-IPD-a5091,3.53
534-IPD-a5090,3.54
211-IPD-a5090,3.55
1110-IPD-a5082,3.56
1109-IPD-a5081,3.57
1108-IPD-a5080,3.58
1155-IPD-a9073,3.59
554-IPD-a5021,3.6
1020-IPD-a1064,3.61
1354-IPD-a903,3.62
1357-IPD-a9032,3.63
1356-IPD-a9031,3.64
1154-IPD-a9070,3.65
1355-IPD-a9030,3.66
484-IPD-a9072,3.67
161-IPD-a9072,3.68
485-IPD-a9071,3.69
162-IPD-a9071,3.7
486-IPD-a9070,3.71
163-IPD-a9070,3.72
70-BTI-Total,1.01
24-BTI-Total,1.02
289-IPD-a2011,2.01
619-IPD-a2011,2.01
57-SGI-Total,2.02
281-IPD-a2033,2.03
612-IPD-a2033,2.03
FSI6,2.04
FSI11,2.05
FSI4,2.06
189-IIAG-Total,2.07
9-BTI-Total,2.08
149-SGI-Total,3.01
56-SGI-Total,3.02
287-IPD-a2013,3.03
617-IPD-a2013,3.04
CDG2,3.05
CDG3,3.06
1036-IPD-a2014,3.07
63-WJP-Total,3.08
1037-IPD-a2020,3.09
1182-IPD-a2001,3.1
290-IPD-a2010,3.11
620-IPD-a2010,3.12
FSI1,3.13
1039-IPD-a2031,3.14
1033-IPD-a2007,3.15
1027-IPD-a2001,3.16
1187-IPD-a250,3.17
1184-IPD-a201,3.18
1188-IPD-a2500,3.19
285-IPD-a2030,3.2
615-IPD-a2030,3.21
283-IPD-a2032,3.22
282-IPD-a2032,3.23
284-IPD-a2031,3.24
614-IPD-a2031,3.25
1181-IPD-a200,3.26
BEEPS133,3.27
BEEPS233,3.28
CDG18,3.29
CDG19,3.3
CDG20,3.31
CDG21,3.32
1185-IPD-a2010,3.33
1038-IPD-a2030,3.34
1186-IPD-a2011,3.35
188-IPD-a8020,3.36
511-IPD-a8020,3.37
1029-IPD-a2003,3.38
1035-IPD-a2013,3.39
1034-IPD-a2012,3.4
BEEPS140,3.41
BEEPS240,3.42
207-IIAG-Total,3.43
61-WJP-Total,3.44
62-WJP-Total,3.45
291-IPD-a2001,3.46
621-IPD-a2001,3.47
292-IPD-a2000,3.48
622-IPD-a2000,3.49
286-IPD-a2020,3.5
616-IPD-a2020,3.51
1030-IPD-a2004,3.52
1028-IPD-a2002,3.53
279-IPD-a2041,3.54
610-IPD-a2041,3.55
278-IPD-a2042,3.56
609-IPD-a2042,3.57
280-IPD-a2040,3.58
611-IPD-a2040,3.59
1031-IPD-a2005,3.6
1183-IPD-a2004,3.61
1032-IPD-a2006,3.62
20-CPIA-Total,1.01
19-GCI-Value,1.02
20-GCI-Rank,1.02
TIGCB28,2.01
TIGCB24,2.01
TIGCB27,2.01
TIGCB26,2.01
TIGCB21,2.01
TIGCB25,2.01
TIGCB22,2.01
TIGCB29,2.01
TIGCB23,2.01
6-WGI-Estimate,2.02
3-WGI-Rank,2.02
3-TI-CPI,2.03
2-TI-Total,2.03
13-GCI-Value,2.04
14-GCI-Rank,2.04
12-BTI-Total,2.05
1234-IPD-a3563,2.06
1195-IPD-a3021,2.07
100-SGI-Total,2.08
43-WJP-Total,2.09
42-WJP-Total,2.09
1-WGI-Upper,Drop
2-WGI-Lower,Drop
5-WGI-StdErr,Drop
TIGCB3,3.01
TIGCB2,3.02
TIGCB5,3.03
TIGCB1,3.04
TIGCB4,3.05
TIGCB6,3.06
TIGCB9,3.07
TIGCB8,3.08
TIGCB10,3.09
TIGCB12,3.1
TIGCB7,3.11
TIGCB11,3.12
1193-IPD-a302,3.13
266-IPD-a3023,3.14
597-IPD-a3023,3.15
267-IPD-a3022,3.16
598-IPD-a3022,3.17
1196-IPD-a351,3.18
TIGCB14,3.19
TIGCB20,3.2
TIGCB15,3.21
TIGCB18,3.22
TIGCB19,3.23
TIGCB13,3.24
TIGCB17,3.25
TIGCB16,3.26
TIGCB32,3.27
TIGCB30,3.28
TIGCB31,3.29
TIGCB37,3.3
TIGCB34,3.31
TIGCB35,3.32
TIGCB33,3.33
TIGCB36,3.34
1047-IPD-a3022,3.35
1194-IPD-a3020,3.36
268-IPD-a3021,3.37
599-IPD-a3021,3.38
4-TI-Rank,3.39
1-TI-Total,3.4
TIGCB88,3.41
TIGCB93,3.42
TIGCB91,3.43
TIGCB89,3.44
TIGCB90,3.45
TIGCB92,3.46
TIGCB94,3.47
TIGCB99,3.48
TIGCB95,3.49
TIGCB97,3.5
TIGCB96,3.51
TIGCB98,3.52
BEEPS168,3.53
BEEPS268,3.54
TIGCB100,3.55
TIGCB102,3.56
TIGCB103,3.57
TIGCB101,3.58
21-WGI-Rank,1.01
24-WGI-Estimate,1.01
31-GCI-Value,1.02
32-GCI-Rank,1.02
FSI7,2.01
FSI13,2.02
15-WGI-Rank,2.03
18-WGI-Estimate,2.03
54-BTI-Total,2.04
55-BTI-Total,2.05
56-BTI-Total,2.06
33-BTI-Total,2.07
96-GCI-Rank,2.08
FSI9,2.09
151-SGI-Total,2.1
19-WGI-Upper,Drop
13-WGI-Upper,Drop
20-WGI-Lower,Drop
23-WGI-StdErr,Drop
14-WGI-Lower,Drop
17-WGI-StdErr,Drop
140-SGI-Total,3.01
40-SGI-Total,3.02
55-SGI-Total,3.03
125-GCI-Value,3.04
126-GCI-Rank,3.05
FSI2,3.06
53-BTI-Total,3.07
43-GCI-Value,3.08
44-GCI-Rank,3.09
308-IPD-a1032,1.01
638-IPD-a1032,1.01
184-IPD-a9020,1.02
507-IPD-a9020,1.02
735-IPD-d900,2.01
746-IPD-d903,2.02
19-IPD-d9010,2.03
340-IPD-d9010,2.03
715-IPD-d6010,2.04
659-IPD-d6001,2.04
733-IPD-d8020,2.05
734-IPD-d8021,2.06
175-IPD-a9041,2.07
498-IPD-a9041,2.07
168-IPD-a9054,2.08
491-IPD-a9054,2.08
176-IPD-a9040,2.09
499-IPD-a9040,2.09
170-IPD-a9052,2.1
493-IPD-a9052,2.1
15-IPD-d9021,2.11
336-IPD-d9021,2.11
169-IPD-a9053,2.12
492-IPD-a9053,2.12
167-IPD-a9055,2.13
490-IPD-a9055,2.13
25-IPD-d8000,3.01
346-IPD-d8000,3.02
728-IPD-d8001,3.03
727-IPD-d8000,3.04
1347-IPD-a901,3.05
744-IPD-d9021,3.06
928-IPD-b403,3.07
710-IPD-d500,3.08
971-IPD-b703,3.09
958-IPD-b606,3.1
960-IPD-b607,3.29
961-IPD-b6070,3.291
1291-IPD-a5141,3.292
1290-IPD-a5140,3.293
694-IPD-d9062,3.15
897-IPD-b6102,3.16
693-IPD-d9061,3.17
732-IPD-d802,3.18
729-IPD-d801,3.19
730-IPD-d8010,3.2
731-IPD-d8011,3.21
16-IPD-d9020,3.22
337-IPD-d9020,3.23
738-IPD-d9002,3.24
1226-IPD-a3071,3.25
1056-IPD-a3051,3.26
1057-IPD-a3052,3.27
653-IPD-d4002,3.28
28-IPD-d7020,3.29
349-IPD-d7020,3.3
183-IPD-a9021,3.31
506-IPD-a9021,3.32
1157-IPD-a9080f,3.33
930-IPD-b4031,3.34
1353-IPD-a9021,3.35
18-IPD-d9011,3.36
339-IPD-d9011,3.37
17-IPD-d9012,3.38
338-IPD-d9012,3.39
180-IPD-a9031,3.4
503-IPD-a9031,3.41
181-IPD-a9030,3.42
504-IPD-a9030,3.43
177-IPD-a9034,3.44
500-IPD-a9034,3.45
178-IPD-a9033,3.46
501-IPD-a9033,3.47
502-IPD-a9032,3.48
179-IPD-a9032,3.49
660-IPD-d6002,3.5
716-IPD-d6011,3.51
360-IPD-d6001,3.52
39-IPD-d6001,3.53
657-IPD-d5010,3.54
671-IPD-d7022,3.55
670-IPD-d7021,3.56
689-IPD-d9050,3.57
743-IPD-d9020,3.58
889-IPD-b6082,3.59
655-IPD-d4010,3.6
358-IPD-d6011,3.61
37-IPD-d6011,3.62
26-IPD-d7022,3.63
347-IPD-d7022,3.64
717-IPD-d602,3.65
35-IPD-d6021,3.66
356-IPD-d6021,3.67
34-IPD-d6022,3.68
355-IPD-d6022,3.69
257-IPD-a3053,3.7
588-IPD-a3053,3.71
256-IPD-a3054,3.72
587-IPD-a3054,3.73
173-IPD-a9043,3.74
496-IPD-a9043,3.75
174-IPD-a9042,3.76
497-IPD-a9042,3.77
1317-IPD-a6052,3.78
1124-IPD-a6022,3.79
1343-IPD-a900,3.8
1362-IPD-a905,3.81
1148-IPD-a9031,3.82
107-IPD-b6080,3.83
430-IPD-b6080,3.84
714-IPD-d601,3.85
890-IPD-b6083,3.86
898-IPD-b6110,3.87
899-IPD-b6111,3.88
374-IPD-d1003,3.89
52-IPD-d1003,3.9
375-IPD-d1002,3.91
53-IPD-d1002,3.92
697-IPD-d1010,3.93
673-IPD-d7031,3.94
672-IPD-d7030,3.95
725-IPD-d7013,3.96
724-IPD-d7012,3.97
1147-IPD-a9030,3.98
669-IPD-d7020,3.99
702-IPD-d4010,3.101
651-IPD-d4000,3.102
1145-IPD-a9020,3.103
857-IPD-b3022,3.104
1146-IPD-a9021,3.105
748-IPD-d950,3.106
705-IPD-d450,3.107
362-IPD-d5010,3.108
41-IPD-d5010,3.109
894-IPD-b6093,3.11
917-IPD-b8031,3.111
916-IPD-b8030,3.112
682-IPD-d9020,3.113
1123-IPD-a6021,3.114
1122-IPD-a6020,3.115
359-IPD-d6010,3.116
38-IPD-d6010,3.117
704-IPD-d4012,3.118
662-IPD-d6011,3.119
711-IPD-d600,3.12
166-IPD-a9060,3.121
489-IPD-a9060,3.122
164-IPD-a9062,3.123
487-IPD-a9062,3.124
488-IPD-a9061,3.125
165-IPD-a9061,3.126
613-IPD-a2032,3.127
708-IPD-d4502,3.128
11-IPD-d9032,3.129
333-IPD-d9032,3.13
972-IPD-b7030,3.131
855-IPD-b3020,3.132
856-IPD-b3021,3.133
692-IPD-d9060,3.134
658-IPD-d5011,3.135
895-IPD-b6100,3.136
896-IPD-b6101,3.137
720-IPD-d6031,3.138
661-IPD-d6010,3.139
719-IPD-d6030,3.14
718-IPD-d603,3.141
110-IPD-b6060,3.142
433-IPD-b6060,3.143
106-IPD-b6081,3.144
429-IPD-b6081,3.145
666-IPD-d7000,3.146
751-IPD-d9502,3.147
750-IPD-d9501,3.148
749-IPD-d9500,3.149
40-IPD-d6000,3.15
361-IPD-d6000,3.151
1158-IPD-a9081f,3.152
931-IPD-b4032,3.153
665-IPD-d6022,3.154
726-IPD-d800,3.155
709-IPD-d4503,3.156
893-IPD-b6092,3.157
372-IPD-d1011,3.158
51-IPD-d1011,3.159
675-IPD-d8001,3.16
674-IPD-d8000,3.161
370-IPD-d4001,3.162
49-IPD-d4001,3.163
652-IPD-d4001,3.164
703-IPD-d4011,3.165
371-IPD-d4000,3.166
50-IPD-d4000,3.167
103-IPD-b6090,3.168
426-IPD-b6090,3.169
101-IPD-b6092,3.17
424-IPD-b6092,3.171
102-IPD-b6091,3.172
425-IPD-b6091,3.173
367-IPD-d4011,3.174
46-IPD-d4011,3.175
929-IPD-b4030,3.176
1352-IPD-a9020,3.177
747-IPD-d9030,3.178
892-IPD-b6091,3.179
891-IPD-b6090,3.18
663-IPD-d6020,3.181
664-IPD-d6021,3.182
108-IPD-b6071,3.183
431-IPD-b6071,3.184
323-IPD-d9080,3.185
4-IPD-d9080,3.186
3-IPD-d9081,3.187
322-IPD-d9081,3.188
368-IPD-d4010,3.189
47-IPD-d4010,3.19
324-IPD-d9071,3.191
5-IPD-d9071,3.192
325-IPD-d9070,3.193
6-IPD-d9070,3.194
706-IPD-d4500,3.195
707-IPD-d4501,3.196
1149-IPD-a9032,3.197
327-IPD-d9061,3.198
8-IPD-d9061,3.199
307-IPD-a1033,3.2
637-IPD-a1033,3.201
1361-IPD-a9042,3.202
377-IPD-d1000,3.203
55-IPD-d1000,3.204
376-IPD-d1001,3.205
54-IPD-d1001,3.206
701-IPD-d401,3.207
684-IPD-d9031,3.208
683-IPD-d9030,3.209
686-IPD-d9040,3.21
687-IPD-d9041,3.211
688-IPD-d9042,3.212
13-IPD-d9030,3.213
335-IPD-d9030,3.214
12-IPD-d9031,3.215
334-IPD-d9031,3.216
14-IPD-d9030,3.217
959-IPD-b6060,3.218
32-IPD-d7001,3.219
353-IPD-d7001,3.22
33-IPD-d7000,3.221
354-IPD-d7000,3.222
957-IPD-b6050,3.223
681-IPD-d9011,3.224
737-IPD-d9001,3.225
680-IPD-d9010,3.226
736-IPD-d9000,3.227
1150-IPD-a9033,3.228
1348-IPD-a9010,3.229
1350-IPD-a9012,3.23
1349-IPD-a9011,3.231
136-IPD-b4040,3.232
459-IPD-b4040,3.233
713-IPD-d6001,3.234
712-IPD-d6000,3.235
1359-IPD-a9040,3.236
365-IPD-d4021,3.237
44-IPD-d4021,3.238
366-IPD-d4020,3.239
45-IPD-d4020,3.24
723-IPD-d701,3.241
29-IPD-d7012,3.242
350-IPD-d7012,3.243
30-IPD-d7011,3.244
351-IPD-d7011,3.245
31-IPD-d7010,3.246
352-IPD-d7010,3.247
740-IPD-d9010,3.248
741-IPD-d9011,3.249
739-IPD-d901,3.25
742-IPD-d902,3.251
654-IPD-d4003,3.252
668-IPD-d7011,3.253
667-IPD-d7010,3.254
1351-IPD-a902,3.255
1156-IPD-a908f,3.256
135-IPD-b4041,3.257
458-IPD-b4041,3.258
134-IPD-b4042,3.259
457-IPD-b4042,3.26
690-IPD-d9051,3.261
745-IPD-d9022,3.262
494-IPD-a9051,3.263
171-IPD-a9051,3.264
172-IPD-a9050,3.265
495-IPD-a9050,3.266
1018-IPD-a1062,3.267
1019-IPD-a1063,3.268
696-IPD-d101,3.269
695-IPD-d100,3.27
1360-IPD-a9041,3.271
9-IPD-d9060,3.272
328-IPD-d9060,3.273
685-IPD-d9032,3.274
10-IPD-d9040,3.275
332-IPD-d9040,3.276
859-IPD-b3031,3.277
364-IPD-d5000,3.278
43-IPD-d5000,3.279
363-IPD-d5001,3.28
42-IPD-d5001,3.281
656-IPD-d5001,3.282
722-IPD-d7000,3.283
721-IPD-d700,3.284
369-IPD-d4002,3.285
48-IPD-d4002,3.286
27-IPD-d7021,3.287
348-IPD-d7021,3.288
691-IPD-d9052,3.289
